Date,DateKey,Year,Quarter,Month,Day,MonthInYear,MonthInYearSort,DayOfWeek,DayOfWeekSort
1/1/2020,20200101,2020,2020-Q1,2020-01,1,January,1,Wednesday,4
1/2/2020,20200102,2020,2020-Q1,2020-01,2,January,1,Thursday,5
1/3/2020,20200103,2020,2020-Q1,2020-01,3,January,1,Friday,6
1/4/2020,20200104,2020,2020-Q1,2020-01,4,January,1,Saturday,7
1/5/2020,20200105,2020,2020-Q1,2020-01,5,January,1,Sunday,1
1/6/2020,20200106,2020,2020-Q1,2020-01,6,January,1,Monday,2
1/7/2020,20200107,2020,2020-Q1,2020-01,7,January,1,Tuesday,3
1/8/2020,20200108,2020,2020-Q1,2020-01,8,January,1,Wednesday,4
1/9/2020,20200109,2020,2020-Q1,2020-01,9,January,1,Thursday,5
1/10/2020,20200110,2020,2020-Q1,2020-01,10,January,1,Friday,6
1/11/2020,20200111,2020,2020-Q1,2020-01,11,January,1,Saturday,7
1/12/2020,20200112,2020,2020-Q1,2020-01,12,January,1,Sunday,1
1/13/2020,20200113,2020,2020-Q1,2020-01,13,January,1,Monday,2
1/14/2020,20200114,2020,2020-Q1,2020-01,14,January,1,Tuesday,3
1/15/2020,20200115,2020,2020-Q1,2020-01,15,January,1,Wednesday,4
1/16/2020,20200116,2020,2020-Q1,2020-01,16,January,1,Thursday,5
1/17/2020,20200117,2020,2020-Q1,2020-01,17,January,1,Friday,6
1/18/2020,20200118,2020,2020-Q1,2020-01,18,January,1,Saturday,7
1/19/2020,20200119,2020,2020-Q1,2020-01,19,January,1,Sunday,1
1/20/2020,20200120,2020,2020-Q1,2020-01,20,January,1,Monday,2
1/21/2020,20200121,2020,2020-Q1,2020-01,21,January,1,Tuesday,3
1/22/2020,20200122,2020,2020-Q1,2020-01,22,January,1,Wednesday,4
1/23/2020,20200123,2020,2020-Q1,2020-01,23,January,1,Thursday,5
1/24/2020,20200124,2020,2020-Q1,2020-01,24,January,1,Friday,6
1/25/2020,20200125,2020,2020-Q1,2020-01,25,January,1,Saturday,7
1/26/2020,20200126,2020,2020-Q1,2020-01,26,January,1,Sunday,1
1/27/2020,20200127,2020,2020-Q1,2020-01,27,January,1,Monday,2
1/28/2020,20200128,2020,2020-Q1,2020-01,28,January,1,Tuesday,3
1/29/2020,20200129,2020,2020-Q1,2020-01,29,January,1,Wednesday,4
1/30/2020,20200130,2020,2020-Q1,2020-01,30,January,1,Thursday,5
1/31/2020,20200131,2020,2020-Q1,2020-01,31,January,1,Friday,6
2/1/2020,20200201,2020,2020-Q1,2020-02,1,February,2,Saturday,7
2/2/2020,20200202,2020,2020-Q1,2020-02,2,February,2,Sunday,1
2/3/2020,20200203,2020,2020-Q1,2020-02,3,February,2,Monday,2
2/4/2020,20200204,2020,2020-Q1,2020-02,4,February,2,Tuesday,3
2/5/2020,20200205,2020,2020-Q1,2020-02,5,February,2,Wednesday,4
2/6/2020,20200206,2020,2020-Q1,2020-02,6,February,2,Thursday,5
2/7/2020,20200207,2020,2020-Q1,2020-02,7,February,2,Friday,6
2/8/2020,20200208,2020,2020-Q1,2020-02,8,February,2,Saturday,7
2/9/2020,20200209,2020,2020-Q1,2020-02,9,February,2,Sunday,1
2/10/2020,20200210,2020,2020-Q1,2020-02,10,February,2,Monday,2
2/11/2020,20200211,2020,2020-Q1,2020-02,11,February,2,Tuesday,3
2/12/2020,20200212,2020,2020-Q1,2020-02,12,February,2,Wednesday,4
2/13/2020,20200213,2020,2020-Q1,2020-02,13,February,2,Thursday,5
2/14/2020,20200214,2020,2020-Q1,2020-02,14,February,2,Friday,6
2/15/2020,20200215,2020,2020-Q1,2020-02,15,February,2,Saturday,7
2/16/2020,20200216,2020,2020-Q1,2020-02,16,February,2,Sunday,1
2/17/2020,20200217,2020,2020-Q1,2020-02,17,February,2,Monday,2
2/18/2020,20200218,2020,2020-Q1,2020-02,18,February,2,Tuesday,3
2/19/2020,20200219,2020,2020-Q1,2020-02,19,February,2,Wednesday,4
2/20/2020,20200220,2020,2020-Q1,2020-02,20,February,2,Thursday,5
2/21/2020,20200221,2020,2020-Q1,2020-02,21,February,2,Friday,6
2/22/2020,20200222,2020,2020-Q1,2020-02,22,February,2,Saturday,7
2/23/2020,20200223,2020,2020-Q1,2020-02,23,February,2,Sunday,1
2/24/2020,20200224,2020,2020-Q1,2020-02,24,February,2,Monday,2
2/25/2020,20200225,2020,2020-Q1,2020-02,25,February,2,Tuesday,3
2/26/2020,20200226,2020,2020-Q1,2020-02,26,February,2,Wednesday,4
2/27/2020,20200227,2020,2020-Q1,2020-02,27,February,2,Thursday,5
2/28/2020,20200228,2020,2020-Q1,2020-02,28,February,2,Friday,6
2/29/2020,20200229,2020,2020-Q1,2020-02,29,February,2,Saturday,7
3/1/2020,20200301,2020,2020-Q1,2020-03,1,March,3,Sunday,1
3/2/2020,20200302,2020,2020-Q1,2020-03,2,March,3,Monday,2
3/3/2020,20200303,2020,2020-Q1,2020-03,3,March,3,Tuesday,3
3/4/2020,20200304,2020,2020-Q1,2020-03,4,March,3,Wednesday,4
3/5/2020,20200305,2020,2020-Q1,2020-03,5,March,3,Thursday,5
3/6/2020,20200306,2020,2020-Q1,2020-03,6,March,3,Friday,6
3/7/2020,20200307,2020,2020-Q1,2020-03,7,March,3,Saturday,7
3/8/2020,20200308,2020,2020-Q1,2020-03,8,March,3,Sunday,1
3/9/2020,20200309,2020,2020-Q1,2020-03,9,March,3,Monday,2
3/10/2020,20200310,2020,2020-Q1,2020-03,10,March,3,Tuesday,3
3/11/2020,20200311,2020,2020-Q1,2020-03,11,March,3,Wednesday,4
3/12/2020,20200312,2020,2020-Q1,2020-03,12,March,3,Thursday,5
3/13/2020,20200313,2020,2020-Q1,2020-03,13,March,3,Friday,6
3/14/2020,20200314,2020,2020-Q1,2020-03,14,March,3,Saturday,7
3/15/2020,20200315,2020,2020-Q1,2020-03,15,March,3,Sunday,1
3/16/2020,20200316,2020,2020-Q1,2020-03,16,March,3,Monday,2
3/17/2020,20200317,2020,2020-Q1,2020-03,17,March,3,Tuesday,3
3/18/2020,20200318,2020,2020-Q1,2020-03,18,March,3,Wednesday,4
3/19/2020,20200319,2020,2020-Q1,2020-03,19,March,3,Thursday,5
3/20/2020,20200320,2020,2020-Q1,2020-03,20,March,3,Friday,6
3/21/2020,20200321,2020,2020-Q1,2020-03,21,March,3,Saturday,7
3/22/2020,20200322,2020,2020-Q1,2020-03,22,March,3,Sunday,1
3/23/2020,20200323,2020,2020-Q1,2020-03,23,March,3,Monday,2
3/24/2020,20200324,2020,2020-Q1,2020-03,24,March,3,Tuesday,3
3/25/2020,20200325,2020,2020-Q1,2020-03,25,March,3,Wednesday,4
3/26/2020,20200326,2020,2020-Q1,2020-03,26,March,3,Thursday,5
3/27/2020,20200327,2020,2020-Q1,2020-03,27,March,3,Friday,6
3/28/2020,20200328,2020,2020-Q1,2020-03,28,March,3,Saturday,7
3/29/2020,20200329,2020,2020-Q1,2020-03,29,March,3,Sunday,1
3/30/2020,20200330,2020,2020-Q1,2020-03,30,March,3,Monday,2
3/31/2020,20200331,2020,2020-Q1,2020-03,31,March,3,Tuesday,3
4/1/2020,20200401,2020,2020-Q2,2020-04,1,April,4,Wednesday,4
4/2/2020,20200402,2020,2020-Q2,2020-04,2,April,4,Thursday,5
4/3/2020,20200403,2020,2020-Q2,2020-04,3,April,4,Friday,6
4/4/2020,20200404,2020,2020-Q2,2020-04,4,April,4,Saturday,7
4/5/2020,20200405,2020,2020-Q2,2020-04,5,April,4,Sunday,1
4/6/2020,20200406,2020,2020-Q2,2020-04,6,April,4,Monday,2
4/7/2020,20200407,2020,2020-Q2,2020-04,7,April,4,Tuesday,3
4/8/2020,20200408,2020,2020-Q2,2020-04,8,April,4,Wednesday,4
4/9/2020,20200409,2020,2020-Q2,2020-04,9,April,4,Thursday,5
4/10/2020,20200410,2020,2020-Q2,2020-04,10,April,4,Friday,6
4/11/2020,20200411,2020,2020-Q2,2020-04,11,April,4,Saturday,7
4/12/2020,20200412,2020,2020-Q2,2020-04,12,April,4,Sunday,1
4/13/2020,20200413,2020,2020-Q2,2020-04,13,April,4,Monday,2
4/14/2020,20200414,2020,2020-Q2,2020-04,14,April,4,Tuesday,3
4/15/2020,20200415,2020,2020-Q2,2020-04,15,April,4,Wednesday,4
4/16/2020,20200416,2020,2020-Q2,2020-04,16,April,4,Thursday,5
4/17/2020,20200417,2020,2020-Q2,2020-04,17,April,4,Friday,6
4/18/2020,20200418,2020,2020-Q2,2020-04,18,April,4,Saturday,7
4/19/2020,20200419,2020,2020-Q2,2020-04,19,April,4,Sunday,1
4/20/2020,20200420,2020,2020-Q2,2020-04,20,April,4,Monday,2
4/21/2020,20200421,2020,2020-Q2,2020-04,21,April,4,Tuesday,3
4/22/2020,20200422,2020,2020-Q2,2020-04,22,April,4,Wednesday,4
4/23/2020,20200423,2020,2020-Q2,2020-04,23,April,4,Thursday,5
4/24/2020,20200424,2020,2020-Q2,2020-04,24,April,4,Friday,6
4/25/2020,20200425,2020,2020-Q2,2020-04,25,April,4,Saturday,7
4/26/2020,20200426,2020,2020-Q2,2020-04,26,April,4,Sunday,1
4/27/2020,20200427,2020,2020-Q2,2020-04,27,April,4,Monday,2
4/28/2020,20200428,2020,2020-Q2,2020-04,28,April,4,Tuesday,3
4/29/2020,20200429,2020,2020-Q2,2020-04,29,April,4,Wednesday,4
4/30/2020,20200430,2020,2020-Q2,2020-04,30,April,4,Thursday,5
5/1/2020,20200501,2020,2020-Q2,2020-05,1,May,5,Friday,6
5/2/2020,20200502,2020,2020-Q2,2020-05,2,May,5,Saturday,7
5/3/2020,20200503,2020,2020-Q2,2020-05,3,May,5,Sunday,1
5/4/2020,20200504,2020,2020-Q2,2020-05,4,May,5,Monday,2
5/5/2020,20200505,2020,2020-Q2,2020-05,5,May,5,Tuesday,3
5/6/2020,20200506,2020,2020-Q2,2020-05,6,May,5,Wednesday,4
5/7/2020,20200507,2020,2020-Q2,2020-05,7,May,5,Thursday,5
5/8/2020,20200508,2020,2020-Q2,2020-05,8,May,5,Friday,6
5/9/2020,20200509,2020,2020-Q2,2020-05,9,May,5,Saturday,7
5/10/2020,20200510,2020,2020-Q2,2020-05,10,May,5,Sunday,1
5/11/2020,20200511,2020,2020-Q2,2020-05,11,May,5,Monday,2
5/12/2020,20200512,2020,2020-Q2,2020-05,12,May,5,Tuesday,3
5/13/2020,20200513,2020,2020-Q2,2020-05,13,May,5,Wednesday,4
5/14/2020,20200514,2020,2020-Q2,2020-05,14,May,5,Thursday,5
5/15/2020,20200515,2020,2020-Q2,2020-05,15,May,5,Friday,6
5/16/2020,20200516,2020,2020-Q2,2020-05,16,May,5,Saturday,7
5/17/2020,20200517,2020,2020-Q2,2020-05,17,May,5,Sunday,1
5/18/2020,20200518,2020,2020-Q2,2020-05,18,May,5,Monday,2
5/19/2020,20200519,2020,2020-Q2,2020-05,19,May,5,Tuesday,3
5/20/2020,20200520,2020,2020-Q2,2020-05,20,May,5,Wednesday,4
5/21/2020,20200521,2020,2020-Q2,2020-05,21,May,5,Thursday,5
5/22/2020,20200522,2020,2020-Q2,2020-05,22,May,5,Friday,6
5/23/2020,20200523,2020,2020-Q2,2020-05,23,May,5,Saturday,7
5/24/2020,20200524,2020,2020-Q2,2020-05,24,May,5,Sunday,1
5/25/2020,20200525,2020,2020-Q2,2020-05,25,May,5,Monday,2
5/26/2020,20200526,2020,2020-Q2,2020-05,26,May,5,Tuesday,3
5/27/2020,20200527,2020,2020-Q2,2020-05,27,May,5,Wednesday,4
5/28/2020,20200528,2020,2020-Q2,2020-05,28,May,5,Thursday,5
5/29/2020,20200529,2020,2020-Q2,2020-05,29,May,5,Friday,6
5/30/2020,20200530,2020,2020-Q2,2020-05,30,May,5,Saturday,7
5/31/2020,20200531,2020,2020-Q2,2020-05,31,May,5,Sunday,1
6/1/2020,20200601,2020,2020-Q2,2020-06,1,June,6,Monday,2
6/2/2020,20200602,2020,2020-Q2,2020-06,2,June,6,Tuesday,3
6/3/2020,20200603,2020,2020-Q2,2020-06,3,June,6,Wednesday,4
6/4/2020,20200604,2020,2020-Q2,2020-06,4,June,6,Thursday,5
6/5/2020,20200605,2020,2020-Q2,2020-06,5,June,6,Friday,6
6/6/2020,20200606,2020,2020-Q2,2020-06,6,June,6,Saturday,7
6/7/2020,20200607,2020,2020-Q2,2020-06,7,June,6,Sunday,1
6/8/2020,20200608,2020,2020-Q2,2020-06,8,June,6,Monday,2
6/9/2020,20200609,2020,2020-Q2,2020-06,9,June,6,Tuesday,3
6/10/2020,20200610,2020,2020-Q2,2020-06,10,June,6,Wednesday,4
6/11/2020,20200611,2020,2020-Q2,2020-06,11,June,6,Thursday,5
6/12/2020,20200612,2020,2020-Q2,2020-06,12,June,6,Friday,6
6/13/2020,20200613,2020,2020-Q2,2020-06,13,June,6,Saturday,7
6/14/2020,20200614,2020,2020-Q2,2020-06,14,June,6,Sunday,1
6/15/2020,20200615,2020,2020-Q2,2020-06,15,June,6,Monday,2
6/16/2020,20200616,2020,2020-Q2,2020-06,16,June,6,Tuesday,3
6/17/2020,20200617,2020,2020-Q2,2020-06,17,June,6,Wednesday,4
6/18/2020,20200618,2020,2020-Q2,2020-06,18,June,6,Thursday,5
6/19/2020,20200619,2020,2020-Q2,2020-06,19,June,6,Friday,6
6/20/2020,20200620,2020,2020-Q2,2020-06,20,June,6,Saturday,7
6/21/2020,20200621,2020,2020-Q2,2020-06,21,June,6,Sunday,1
6/22/2020,20200622,2020,2020-Q2,2020-06,22,June,6,Monday,2
6/23/2020,20200623,2020,2020-Q2,2020-06,23,June,6,Tuesday,3
6/24/2020,20200624,2020,2020-Q2,2020-06,24,June,6,Wednesday,4
6/25/2020,20200625,2020,2020-Q2,2020-06,25,June,6,Thursday,5
6/26/2020,20200626,2020,2020-Q2,2020-06,26,June,6,Friday,6
6/27/2020,20200627,2020,2020-Q2,2020-06,27,June,6,Saturday,7
6/28/2020,20200628,2020,2020-Q2,2020-06,28,June,6,Sunday,1
6/29/2020,20200629,2020,2020-Q2,2020-06,29,June,6,Monday,2
6/30/2020,20200630,2020,2020-Q2,2020-06,30,June,6,Tuesday,3
7/1/2020,20200701,2020,2020-Q3,2020-07,1,July,7,Wednesday,4
7/2/2020,20200702,2020,2020-Q3,2020-07,2,July,7,Thursday,5
7/3/2020,20200703,2020,2020-Q3,2020-07,3,July,7,Friday,6
7/4/2020,20200704,2020,2020-Q3,2020-07,4,July,7,Saturday,7
7/5/2020,20200705,2020,2020-Q3,2020-07,5,July,7,Sunday,1
7/6/2020,20200706,2020,2020-Q3,2020-07,6,July,7,Monday,2
7/7/2020,20200707,2020,2020-Q3,2020-07,7,July,7,Tuesday,3
7/8/2020,20200708,2020,2020-Q3,2020-07,8,July,7,Wednesday,4
7/9/2020,20200709,2020,2020-Q3,2020-07,9,July,7,Thursday,5
7/10/2020,20200710,2020,2020-Q3,2020-07,10,July,7,Friday,6
7/11/2020,20200711,2020,2020-Q3,2020-07,11,July,7,Saturday,7
7/12/2020,20200712,2020,2020-Q3,2020-07,12,July,7,Sunday,1
7/13/2020,20200713,2020,2020-Q3,2020-07,13,July,7,Monday,2
7/14/2020,20200714,2020,2020-Q3,2020-07,14,July,7,Tuesday,3
7/15/2020,20200715,2020,2020-Q3,2020-07,15,July,7,Wednesday,4
7/16/2020,20200716,2020,2020-Q3,2020-07,16,July,7,Thursday,5
7/17/2020,20200717,2020,2020-Q3,2020-07,17,July,7,Friday,6
7/18/2020,20200718,2020,2020-Q3,2020-07,18,July,7,Saturday,7
7/19/2020,20200719,2020,2020-Q3,2020-07,19,July,7,Sunday,1
7/20/2020,20200720,2020,2020-Q3,2020-07,20,July,7,Monday,2
7/21/2020,20200721,2020,2020-Q3,2020-07,21,July,7,Tuesday,3
7/22/2020,20200722,2020,2020-Q3,2020-07,22,July,7,Wednesday,4
7/23/2020,20200723,2020,2020-Q3,2020-07,23,July,7,Thursday,5
7/24/2020,20200724,2020,2020-Q3,2020-07,24,July,7,Friday,6
7/25/2020,20200725,2020,2020-Q3,2020-07,25,July,7,Saturday,7
7/26/2020,20200726,2020,2020-Q3,2020-07,26,July,7,Sunday,1
7/27/2020,20200727,2020,2020-Q3,2020-07,27,July,7,Monday,2
7/28/2020,20200728,2020,2020-Q3,2020-07,28,July,7,Tuesday,3
7/29/2020,20200729,2020,2020-Q3,2020-07,29,July,7,Wednesday,4
7/30/2020,20200730,2020,2020-Q3,2020-07,30,July,7,Thursday,5
7/31/2020,20200731,2020,2020-Q3,2020-07,31,July,7,Friday,6
8/1/2020,20200801,2020,2020-Q3,2020-08,1,August,8,Saturday,7
8/2/2020,20200802,2020,2020-Q3,2020-08,2,August,8,Sunday,1
8/3/2020,20200803,2020,2020-Q3,2020-08,3,August,8,Monday,2
8/4/2020,20200804,2020,2020-Q3,2020-08,4,August,8,Tuesday,3
8/5/2020,20200805,2020,2020-Q3,2020-08,5,August,8,Wednesday,4
8/6/2020,20200806,2020,2020-Q3,2020-08,6,August,8,Thursday,5
8/7/2020,20200807,2020,2020-Q3,2020-08,7,August,8,Friday,6
8/8/2020,20200808,2020,2020-Q3,2020-08,8,August,8,Saturday,7
8/9/2020,20200809,2020,2020-Q3,2020-08,9,August,8,Sunday,1
8/10/2020,20200810,2020,2020-Q3,2020-08,10,August,8,Monday,2
8/11/2020,20200811,2020,2020-Q3,2020-08,11,August,8,Tuesday,3
8/12/2020,20200812,2020,2020-Q3,2020-08,12,August,8,Wednesday,4
8/13/2020,20200813,2020,2020-Q3,2020-08,13,August,8,Thursday,5
8/14/2020,20200814,2020,2020-Q3,2020-08,14,August,8,Friday,6
8/15/2020,20200815,2020,2020-Q3,2020-08,15,August,8,Saturday,7
8/16/2020,20200816,2020,2020-Q3,2020-08,16,August,8,Sunday,1
8/17/2020,20200817,2020,2020-Q3,2020-08,17,August,8,Monday,2
8/18/2020,20200818,2020,2020-Q3,2020-08,18,August,8,Tuesday,3
8/19/2020,20200819,2020,2020-Q3,2020-08,19,August,8,Wednesday,4
8/20/2020,20200820,2020,2020-Q3,2020-08,20,August,8,Thursday,5
8/21/2020,20200821,2020,2020-Q3,2020-08,21,August,8,Friday,6
8/22/2020,20200822,2020,2020-Q3,2020-08,22,August,8,Saturday,7
8/23/2020,20200823,2020,2020-Q3,2020-08,23,August,8,Sunday,1
8/24/2020,20200824,2020,2020-Q3,2020-08,24,August,8,Monday,2
8/25/2020,20200825,2020,2020-Q3,2020-08,25,August,8,Tuesday,3
8/26/2020,20200826,2020,2020-Q3,2020-08,26,August,8,Wednesday,4
8/27/2020,20200827,2020,2020-Q3,2020-08,27,August,8,Thursday,5
8/28/2020,20200828,2020,2020-Q3,2020-08,28,August,8,Friday,6
8/29/2020,20200829,2020,2020-Q3,2020-08,29,August,8,Saturday,7
8/30/2020,20200830,2020,2020-Q3,2020-08,30,August,8,Sunday,1
8/31/2020,20200831,2020,2020-Q3,2020-08,31,August,8,Monday,2
9/1/2020,20200901,2020,2020-Q3,2020-09,1,September,9,Tuesday,3
9/2/2020,20200902,2020,2020-Q3,2020-09,2,September,9,Wednesday,4
9/3/2020,20200903,2020,2020-Q3,2020-09,3,September,9,Thursday,5
9/4/2020,20200904,2020,2020-Q3,2020-09,4,September,9,Friday,6
9/5/2020,20200905,2020,2020-Q3,2020-09,5,September,9,Saturday,7
9/6/2020,20200906,2020,2020-Q3,2020-09,6,September,9,Sunday,1
9/7/2020,20200907,2020,2020-Q3,2020-09,7,September,9,Monday,2
9/8/2020,20200908,2020,2020-Q3,2020-09,8,September,9,Tuesday,3
9/9/2020,20200909,2020,2020-Q3,2020-09,9,September,9,Wednesday,4
9/10/2020,20200910,2020,2020-Q3,2020-09,10,September,9,Thursday,5
9/11/2020,20200911,2020,2020-Q3,2020-09,11,September,9,Friday,6
9/12/2020,20200912,2020,2020-Q3,2020-09,12,September,9,Saturday,7
9/13/2020,20200913,2020,2020-Q3,2020-09,13,September,9,Sunday,1
9/14/2020,20200914,2020,2020-Q3,2020-09,14,September,9,Monday,2
9/15/2020,20200915,2020,2020-Q3,2020-09,15,September,9,Tuesday,3
9/16/2020,20200916,2020,2020-Q3,2020-09,16,September,9,Wednesday,4
9/17/2020,20200917,2020,2020-Q3,2020-09,17,September,9,Thursday,5
9/18/2020,20200918,2020,2020-Q3,2020-09,18,September,9,Friday,6
9/19/2020,20200919,2020,2020-Q3,2020-09,19,September,9,Saturday,7
9/20/2020,20200920,2020,2020-Q3,2020-09,20,September,9,Sunday,1
9/21/2020,20200921,2020,2020-Q3,2020-09,21,September,9,Monday,2
9/22/2020,20200922,2020,2020-Q3,2020-09,22,September,9,Tuesday,3
9/23/2020,20200923,2020,2020-Q3,2020-09,23,September,9,Wednesday,4
9/24/2020,20200924,2020,2020-Q3,2020-09,24,September,9,Thursday,5
9/25/2020,20200925,2020,2020-Q3,2020-09,25,September,9,Friday,6
9/26/2020,20200926,2020,2020-Q3,2020-09,26,September,9,Saturday,7
9/27/2020,20200927,2020,2020-Q3,2020-09,27,September,9,Sunday,1
9/28/2020,20200928,2020,2020-Q3,2020-09,28,September,9,Monday,2
9/29/2020,20200929,2020,2020-Q3,2020-09,29,September,9,Tuesday,3
9/30/2020,20200930,2020,2020-Q3,2020-09,30,September,9,Wednesday,4
10/1/2020,20201001,2020,2020-Q4,2020-10,1,October,10,Thursday,5
10/2/2020,20201002,2020,2020-Q4,2020-10,2,October,10,Friday,6
10/3/2020,20201003,2020,2020-Q4,2020-10,3,October,10,Saturday,7
10/4/2020,20201004,2020,2020-Q4,2020-10,4,October,10,Sunday,1
10/5/2020,20201005,2020,2020-Q4,2020-10,5,October,10,Monday,2
10/6/2020,20201006,2020,2020-Q4,2020-10,6,October,10,Tuesday,3
10/7/2020,20201007,2020,2020-Q4,2020-10,7,October,10,Wednesday,4
10/8/2020,20201008,2020,2020-Q4,2020-10,8,October,10,Thursday,5
10/9/2020,20201009,2020,2020-Q4,2020-10,9,October,10,Friday,6
10/10/2020,20201010,2020,2020-Q4,2020-10,10,October,10,Saturday,7
10/11/2020,20201011,2020,2020-Q4,2020-10,11,October,10,Sunday,1
10/12/2020,20201012,2020,2020-Q4,2020-10,12,October,10,Monday,2
10/13/2020,20201013,2020,2020-Q4,2020-10,13,October,10,Tuesday,3
10/14/2020,20201014,2020,2020-Q4,2020-10,14,October,10,Wednesday,4
10/15/2020,20201015,2020,2020-Q4,2020-10,15,October,10,Thursday,5
10/16/2020,20201016,2020,2020-Q4,2020-10,16,October,10,Friday,6
10/17/2020,20201017,2020,2020-Q4,2020-10,17,October,10,Saturday,7
10/18/2020,20201018,2020,2020-Q4,2020-10,18,October,10,Sunday,1
10/19/2020,20201019,2020,2020-Q4,2020-10,19,October,10,Monday,2
10/20/2020,20201020,2020,2020-Q4,2020-10,20,October,10,Tuesday,3
10/21/2020,20201021,2020,2020-Q4,2020-10,21,October,10,Wednesday,4
10/22/2020,20201022,2020,2020-Q4,2020-10,22,October,10,Thursday,5
10/23/2020,20201023,2020,2020-Q4,2020-10,23,October,10,Friday,6
10/24/2020,20201024,2020,2020-Q4,2020-10,24,October,10,Saturday,7
10/25/2020,20201025,2020,2020-Q4,2020-10,25,October,10,Sunday,1
10/26/2020,20201026,2020,2020-Q4,2020-10,26,October,10,Monday,2
10/27/2020,20201027,2020,2020-Q4,2020-10,27,October,10,Tuesday,3
10/28/2020,20201028,2020,2020-Q4,2020-10,28,October,10,Wednesday,4
10/29/2020,20201029,2020,2020-Q4,2020-10,29,October,10,Thursday,5
10/30/2020,20201030,2020,2020-Q4,2020-10,30,October,10,Friday,6
10/31/2020,20201031,2020,2020-Q4,2020-10,31,October,10,Saturday,7
11/1/2020,20201101,2020,2020-Q4,2020-11,1,November,11,Sunday,1
11/2/2020,20201102,2020,2020-Q4,2020-11,2,November,11,Monday,2
11/3/2020,20201103,2020,2020-Q4,2020-11,3,November,11,Tuesday,3
11/4/2020,20201104,2020,2020-Q4,2020-11,4,November,11,Wednesday,4
11/5/2020,20201105,2020,2020-Q4,2020-11,5,November,11,Thursday,5
11/6/2020,20201106,2020,2020-Q4,2020-11,6,November,11,Friday,6
11/7/2020,20201107,2020,2020-Q4,2020-11,7,November,11,Saturday,7
11/8/2020,20201108,2020,2020-Q4,2020-11,8,November,11,Sunday,1
11/9/2020,20201109,2020,2020-Q4,2020-11,9,November,11,Monday,2
11/10/2020,20201110,2020,2020-Q4,2020-11,10,November,11,Tuesday,3
11/11/2020,20201111,2020,2020-Q4,2020-11,11,November,11,Wednesday,4
11/12/2020,20201112,2020,2020-Q4,2020-11,12,November,11,Thursday,5
11/13/2020,20201113,2020,2020-Q4,2020-11,13,November,11,Friday,6
11/14/2020,20201114,2020,2020-Q4,2020-11,14,November,11,Saturday,7
11/15/2020,20201115,2020,2020-Q4,2020-11,15,November,11,Sunday,1
11/16/2020,20201116,2020,2020-Q4,2020-11,16,November,11,Monday,2
11/17/2020,20201117,2020,2020-Q4,2020-11,17,November,11,Tuesday,3
11/18/2020,20201118,2020,2020-Q4,2020-11,18,November,11,Wednesday,4
11/19/2020,20201119,2020,2020-Q4,2020-11,19,November,11,Thursday,5
11/20/2020,20201120,2020,2020-Q4,2020-11,20,November,11,Friday,6
11/21/2020,20201121,2020,2020-Q4,2020-11,21,November,11,Saturday,7
11/22/2020,20201122,2020,2020-Q4,2020-11,22,November,11,Sunday,1
11/23/2020,20201123,2020,2020-Q4,2020-11,23,November,11,Monday,2
11/24/2020,20201124,2020,2020-Q4,2020-11,24,November,11,Tuesday,3
11/25/2020,20201125,2020,2020-Q4,2020-11,25,November,11,Wednesday,4
11/26/2020,20201126,2020,2020-Q4,2020-11,26,November,11,Thursday,5
11/27/2020,20201127,2020,2020-Q4,2020-11,27,November,11,Friday,6
11/28/2020,20201128,2020,2020-Q4,2020-11,28,November,11,Saturday,7
11/29/2020,20201129,2020,2020-Q4,2020-11,29,November,11,Sunday,1
11/30/2020,20201130,2020,2020-Q4,2020-11,30,November,11,Monday,2
12/1/2020,20201201,2020,2020-Q4,2020-12,1,December,12,Tuesday,3
12/2/2020,20201202,2020,2020-Q4,2020-12,2,December,12,Wednesday,4
12/3/2020,20201203,2020,2020-Q4,2020-12,3,December,12,Thursday,5
12/4/2020,20201204,2020,2020-Q4,2020-12,4,December,12,Friday,6
12/5/2020,20201205,2020,2020-Q4,2020-12,5,December,12,Saturday,7
12/6/2020,20201206,2020,2020-Q4,2020-12,6,December,12,Sunday,1
12/7/2020,20201207,2020,2020-Q4,2020-12,7,December,12,Monday,2
12/8/2020,20201208,2020,2020-Q4,2020-12,8,December,12,Tuesday,3
12/9/2020,20201209,2020,2020-Q4,2020-12,9,December,12,Wednesday,4
12/10/2020,20201210,2020,2020-Q4,2020-12,10,December,12,Thursday,5
12/11/2020,20201211,2020,2020-Q4,2020-12,11,December,12,Friday,6
12/12/2020,20201212,2020,2020-Q4,2020-12,12,December,12,Saturday,7
12/13/2020,20201213,2020,2020-Q4,2020-12,13,December,12,Sunday,1
12/14/2020,20201214,2020,2020-Q4,2020-12,14,December,12,Monday,2
12/15/2020,20201215,2020,2020-Q4,2020-12,15,December,12,Tuesday,3
12/16/2020,20201216,2020,2020-Q4,2020-12,16,December,12,Wednesday,4
12/17/2020,20201217,2020,2020-Q4,2020-12,17,December,12,Thursday,5
12/18/2020,20201218,2020,2020-Q4,2020-12,18,December,12,Friday,6
12/19/2020,20201219,2020,2020-Q4,2020-12,19,December,12,Saturday,7
12/20/2020,20201220,2020,2020-Q4,2020-12,20,December,12,Sunday,1
12/21/2020,20201221,2020,2020-Q4,2020-12,21,December,12,Monday,2
12/22/2020,20201222,2020,2020-Q4,2020-12,22,December,12,Tuesday,3
12/23/2020,20201223,2020,2020-Q4,2020-12,23,December,12,Wednesday,4
12/24/2020,20201224,2020,2020-Q4,2020-12,24,December,12,Thursday,5
12/25/2020,20201225,2020,2020-Q4,2020-12,25,December,12,Friday,6
12/26/2020,20201226,2020,2020-Q4,2020-12,26,December,12,Saturday,7
12/27/2020,20201227,2020,2020-Q4,2020-12,27,December,12,Sunday,1
12/28/2020,20201228,2020,2020-Q4,2020-12,28,December,12,Monday,2
12/29/2020,20201229,2020,2020-Q4,2020-12,29,December,12,Tuesday,3
12/30/2020,20201230,2020,2020-Q4,2020-12,30,December,12,Wednesday,4
12/31/2020,20201231,2020,2020-Q4,2020-12,31,December,12,Thursday,5
1/1/2021,20210101,2021,2021-Q1,2021-01,1,January,1,Friday,6
1/2/2021,20210102,2021,2021-Q1,2021-01,2,January,1,Saturday,7
1/3/2021,20210103,2021,2021-Q1,2021-01,3,January,1,Sunday,1
1/4/2021,20210104,2021,2021-Q1,2021-01,4,January,1,Monday,2
1/5/2021,20210105,2021,2021-Q1,2021-01,5,January,1,Tuesday,3
1/6/2021,20210106,2021,2021-Q1,2021-01,6,January,1,Wednesday,4
1/7/2021,20210107,2021,2021-Q1,2021-01,7,January,1,Thursday,5
1/8/2021,20210108,2021,2021-Q1,2021-01,8,January,1,Friday,6
1/9/2021,20210109,2021,2021-Q1,2021-01,9,January,1,Saturday,7
1/10/2021,20210110,2021,2021-Q1,2021-01,10,January,1,Sunday,1
1/11/2021,20210111,2021,2021-Q1,2021-01,11,January,1,Monday,2
1/12/2021,20210112,2021,2021-Q1,2021-01,12,January,1,Tuesday,3
1/13/2021,20210113,2021,2021-Q1,2021-01,13,January,1,Wednesday,4
1/14/2021,20210114,2021,2021-Q1,2021-01,14,January,1,Thursday,5
1/15/2021,20210115,2021,2021-Q1,2021-01,15,January,1,Friday,6
1/16/2021,20210116,2021,2021-Q1,2021-01,16,January,1,Saturday,7
1/17/2021,20210117,2021,2021-Q1,2021-01,17,January,1,Sunday,1
1/18/2021,20210118,2021,2021-Q1,2021-01,18,January,1,Monday,2
1/19/2021,20210119,2021,2021-Q1,2021-01,19,January,1,Tuesday,3
1/20/2021,20210120,2021,2021-Q1,2021-01,20,January,1,Wednesday,4
1/21/2021,20210121,2021,2021-Q1,2021-01,21,January,1,Thursday,5
1/22/2021,20210122,2021,2021-Q1,2021-01,22,January,1,Friday,6
1/23/2021,20210123,2021,2021-Q1,2021-01,23,January,1,Saturday,7
1/24/2021,20210124,2021,2021-Q1,2021-01,24,January,1,Sunday,1
1/25/2021,20210125,2021,2021-Q1,2021-01,25,January,1,Monday,2
1/26/2021,20210126,2021,2021-Q1,2021-01,26,January,1,Tuesday,3
1/27/2021,20210127,2021,2021-Q1,2021-01,27,January,1,Wednesday,4
1/28/2021,20210128,2021,2021-Q1,2021-01,28,January,1,Thursday,5
1/29/2021,20210129,2021,2021-Q1,2021-01,29,January,1,Friday,6
1/30/2021,20210130,2021,2021-Q1,2021-01,30,January,1,Saturday,7
1/31/2021,20210131,2021,2021-Q1,2021-01,31,January,1,Sunday,1
2/1/2021,20210201,2021,2021-Q1,2021-02,1,February,2,Monday,2
2/2/2021,20210202,2021,2021-Q1,2021-02,2,February,2,Tuesday,3
2/3/2021,20210203,2021,2021-Q1,2021-02,3,February,2,Wednesday,4
2/4/2021,20210204,2021,2021-Q1,2021-02,4,February,2,Thursday,5
2/5/2021,20210205,2021,2021-Q1,2021-02,5,February,2,Friday,6
2/6/2021,20210206,2021,2021-Q1,2021-02,6,February,2,Saturday,7
2/7/2021,20210207,2021,2021-Q1,2021-02,7,February,2,Sunday,1
2/8/2021,20210208,2021,2021-Q1,2021-02,8,February,2,Monday,2
2/9/2021,20210209,2021,2021-Q1,2021-02,9,February,2,Tuesday,3
2/10/2021,20210210,2021,2021-Q1,2021-02,10,February,2,Wednesday,4
2/11/2021,20210211,2021,2021-Q1,2021-02,11,February,2,Thursday,5
2/12/2021,20210212,2021,2021-Q1,2021-02,12,February,2,Friday,6
2/13/2021,20210213,2021,2021-Q1,2021-02,13,February,2,Saturday,7
2/14/2021,20210214,2021,2021-Q1,2021-02,14,February,2,Sunday,1
2/15/2021,20210215,2021,2021-Q1,2021-02,15,February,2,Monday,2
2/16/2021,20210216,2021,2021-Q1,2021-02,16,February,2,Tuesday,3
2/17/2021,20210217,2021,2021-Q1,2021-02,17,February,2,Wednesday,4
2/18/2021,20210218,2021,2021-Q1,2021-02,18,February,2,Thursday,5
2/19/2021,20210219,2021,2021-Q1,2021-02,19,February,2,Friday,6
2/20/2021,20210220,2021,2021-Q1,2021-02,20,February,2,Saturday,7
2/21/2021,20210221,2021,2021-Q1,2021-02,21,February,2,Sunday,1
2/22/2021,20210222,2021,2021-Q1,2021-02,22,February,2,Monday,2
2/23/2021,20210223,2021,2021-Q1,2021-02,23,February,2,Tuesday,3
2/24/2021,20210224,2021,2021-Q1,2021-02,24,February,2,Wednesday,4
2/25/2021,20210225,2021,2021-Q1,2021-02,25,February,2,Thursday,5
2/26/2021,20210226,2021,2021-Q1,2021-02,26,February,2,Friday,6
2/27/2021,20210227,2021,2021-Q1,2021-02,27,February,2,Saturday,7
2/28/2021,20210228,2021,2021-Q1,2021-02,28,February,2,Sunday,1
3/1/2021,20210301,2021,2021-Q1,2021-03,1,March,3,Monday,2
3/2/2021,20210302,2021,2021-Q1,2021-03,2,March,3,Tuesday,3
3/3/2021,20210303,2021,2021-Q1,2021-03,3,March,3,Wednesday,4
3/4/2021,20210304,2021,2021-Q1,2021-03,4,March,3,Thursday,5
3/5/2021,20210305,2021,2021-Q1,2021-03,5,March,3,Friday,6
3/6/2021,20210306,2021,2021-Q1,2021-03,6,March,3,Saturday,7
3/7/2021,20210307,2021,2021-Q1,2021-03,7,March,3,Sunday,1
3/8/2021,20210308,2021,2021-Q1,2021-03,8,March,3,Monday,2
3/9/2021,20210309,2021,2021-Q1,2021-03,9,March,3,Tuesday,3
3/10/2021,20210310,2021,2021-Q1,2021-03,10,March,3,Wednesday,4
3/11/2021,20210311,2021,2021-Q1,2021-03,11,March,3,Thursday,5
3/12/2021,20210312,2021,2021-Q1,2021-03,12,March,3,Friday,6
3/13/2021,20210313,2021,2021-Q1,2021-03,13,March,3,Saturday,7
3/14/2021,20210314,2021,2021-Q1,2021-03,14,March,3,Sunday,1
3/15/2021,20210315,2021,2021-Q1,2021-03,15,March,3,Monday,2
3/16/2021,20210316,2021,2021-Q1,2021-03,16,March,3,Tuesday,3
3/17/2021,20210317,2021,2021-Q1,2021-03,17,March,3,Wednesday,4
3/18/2021,20210318,2021,2021-Q1,2021-03,18,March,3,Thursday,5
3/19/2021,20210319,2021,2021-Q1,2021-03,19,March,3,Friday,6
3/20/2021,20210320,2021,2021-Q1,2021-03,20,March,3,Saturday,7
3/21/2021,20210321,2021,2021-Q1,2021-03,21,March,3,Sunday,1
3/22/2021,20210322,2021,2021-Q1,2021-03,22,March,3,Monday,2
3/23/2021,20210323,2021,2021-Q1,2021-03,23,March,3,Tuesday,3
3/24/2021,20210324,2021,2021-Q1,2021-03,24,March,3,Wednesday,4
3/25/2021,20210325,2021,2021-Q1,2021-03,25,March,3,Thursday,5
3/26/2021,20210326,2021,2021-Q1,2021-03,26,March,3,Friday,6
3/27/2021,20210327,2021,2021-Q1,2021-03,27,March,3,Saturday,7
3/28/2021,20210328,2021,2021-Q1,2021-03,28,March,3,Sunday,1
3/29/2021,20210329,2021,2021-Q1,2021-03,29,March,3,Monday,2
3/30/2021,20210330,2021,2021-Q1,2021-03,30,March,3,Tuesday,3
3/31/2021,20210331,2021,2021-Q1,2021-03,31,March,3,Wednesday,4
4/1/2021,20210401,2021,2021-Q2,2021-04,1,April,4,Thursday,5
4/2/2021,20210402,2021,2021-Q2,2021-04,2,April,4,Friday,6
4/3/2021,20210403,2021,2021-Q2,2021-04,3,April,4,Saturday,7
4/4/2021,20210404,2021,2021-Q2,2021-04,4,April,4,Sunday,1
4/5/2021,20210405,2021,2021-Q2,2021-04,5,April,4,Monday,2
4/6/2021,20210406,2021,2021-Q2,2021-04,6,April,4,Tuesday,3
4/7/2021,20210407,2021,2021-Q2,2021-04,7,April,4,Wednesday,4
4/8/2021,20210408,2021,2021-Q2,2021-04,8,April,4,Thursday,5
4/9/2021,20210409,2021,2021-Q2,2021-04,9,April,4,Friday,6
4/10/2021,20210410,2021,2021-Q2,2021-04,10,April,4,Saturday,7
4/11/2021,20210411,2021,2021-Q2,2021-04,11,April,4,Sunday,1
4/12/2021,20210412,2021,2021-Q2,2021-04,12,April,4,Monday,2
4/13/2021,20210413,2021,2021-Q2,2021-04,13,April,4,Tuesday,3
4/14/2021,20210414,2021,2021-Q2,2021-04,14,April,4,Wednesday,4
4/15/2021,20210415,2021,2021-Q2,2021-04,15,April,4,Thursday,5
4/16/2021,20210416,2021,2021-Q2,2021-04,16,April,4,Friday,6
4/17/2021,20210417,2021,2021-Q2,2021-04,17,April,4,Saturday,7
4/18/2021,20210418,2021,2021-Q2,2021-04,18,April,4,Sunday,1
4/19/2021,20210419,2021,2021-Q2,2021-04,19,April,4,Monday,2
4/20/2021,20210420,2021,2021-Q2,2021-04,20,April,4,Tuesday,3
4/21/2021,20210421,2021,2021-Q2,2021-04,21,April,4,Wednesday,4
4/22/2021,20210422,2021,2021-Q2,2021-04,22,April,4,Thursday,5
4/23/2021,20210423,2021,2021-Q2,2021-04,23,April,4,Friday,6
4/24/2021,20210424,2021,2021-Q2,2021-04,24,April,4,Saturday,7
4/25/2021,20210425,2021,2021-Q2,2021-04,25,April,4,Sunday,1
4/26/2021,20210426,2021,2021-Q2,2021-04,26,April,4,Monday,2
4/27/2021,20210427,2021,2021-Q2,2021-04,27,April,4,Tuesday,3
4/28/2021,20210428,2021,2021-Q2,2021-04,28,April,4,Wednesday,4
4/29/2021,20210429,2021,2021-Q2,2021-04,29,April,4,Thursday,5
4/30/2021,20210430,2021,2021-Q2,2021-04,30,April,4,Friday,6
5/1/2021,20210501,2021,2021-Q2,2021-05,1,May,5,Saturday,7
5/2/2021,20210502,2021,2021-Q2,2021-05,2,May,5,Sunday,1
5/3/2021,20210503,2021,2021-Q2,2021-05,3,May,5,Monday,2
5/4/2021,20210504,2021,2021-Q2,2021-05,4,May,5,Tuesday,3
5/5/2021,20210505,2021,2021-Q2,2021-05,5,May,5,Wednesday,4
5/6/2021,20210506,2021,2021-Q2,2021-05,6,May,5,Thursday,5
5/7/2021,20210507,2021,2021-Q2,2021-05,7,May,5,Friday,6
5/8/2021,20210508,2021,2021-Q2,2021-05,8,May,5,Saturday,7
5/9/2021,20210509,2021,2021-Q2,2021-05,9,May,5,Sunday,1
5/10/2021,20210510,2021,2021-Q2,2021-05,10,May,5,Monday,2
5/11/2021,20210511,2021,2021-Q2,2021-05,11,May,5,Tuesday,3
5/12/2021,20210512,2021,2021-Q2,2021-05,12,May,5,Wednesday,4
5/13/2021,20210513,2021,2021-Q2,2021-05,13,May,5,Thursday,5
5/14/2021,20210514,2021,2021-Q2,2021-05,14,May,5,Friday,6
5/15/2021,20210515,2021,2021-Q2,2021-05,15,May,5,Saturday,7
5/16/2021,20210516,2021,2021-Q2,2021-05,16,May,5,Sunday,1
5/17/2021,20210517,2021,2021-Q2,2021-05,17,May,5,Monday,2
5/18/2021,20210518,2021,2021-Q2,2021-05,18,May,5,Tuesday,3
5/19/2021,20210519,2021,2021-Q2,2021-05,19,May,5,Wednesday,4
5/20/2021,20210520,2021,2021-Q2,2021-05,20,May,5,Thursday,5
5/21/2021,20210521,2021,2021-Q2,2021-05,21,May,5,Friday,6
5/22/2021,20210522,2021,2021-Q2,2021-05,22,May,5,Saturday,7
5/23/2021,20210523,2021,2021-Q2,2021-05,23,May,5,Sunday,1
5/24/2021,20210524,2021,2021-Q2,2021-05,24,May,5,Monday,2
5/25/2021,20210525,2021,2021-Q2,2021-05,25,May,5,Tuesday,3
5/26/2021,20210526,2021,2021-Q2,2021-05,26,May,5,Wednesday,4
5/27/2021,20210527,2021,2021-Q2,2021-05,27,May,5,Thursday,5
5/28/2021,20210528,2021,2021-Q2,2021-05,28,May,5,Friday,6
5/29/2021,20210529,2021,2021-Q2,2021-05,29,May,5,Saturday,7
5/30/2021,20210530,2021,2021-Q2,2021-05,30,May,5,Sunday,1
5/31/2021,20210531,2021,2021-Q2,2021-05,31,May,5,Monday,2
6/1/2021,20210601,2021,2021-Q2,2021-06,1,June,6,Tuesday,3
6/2/2021,20210602,2021,2021-Q2,2021-06,2,June,6,Wednesday,4
6/3/2021,20210603,2021,2021-Q2,2021-06,3,June,6,Thursday,5
6/4/2021,20210604,2021,2021-Q2,2021-06,4,June,6,Friday,6
6/5/2021,20210605,2021,2021-Q2,2021-06,5,June,6,Saturday,7
6/6/2021,20210606,2021,2021-Q2,2021-06,6,June,6,Sunday,1
6/7/2021,20210607,2021,2021-Q2,2021-06,7,June,6,Monday,2
6/8/2021,20210608,2021,2021-Q2,2021-06,8,June,6,Tuesday,3
6/9/2021,20210609,2021,2021-Q2,2021-06,9,June,6,Wednesday,4
6/10/2021,20210610,2021,2021-Q2,2021-06,10,June,6,Thursday,5
6/11/2021,20210611,2021,2021-Q2,2021-06,11,June,6,Friday,6
6/12/2021,20210612,2021,2021-Q2,2021-06,12,June,6,Saturday,7
6/13/2021,20210613,2021,2021-Q2,2021-06,13,June,6,Sunday,1
6/14/2021,20210614,2021,2021-Q2,2021-06,14,June,6,Monday,2
6/15/2021,20210615,2021,2021-Q2,2021-06,15,June,6,Tuesday,3
6/16/2021,20210616,2021,2021-Q2,2021-06,16,June,6,Wednesday,4
6/17/2021,20210617,2021,2021-Q2,2021-06,17,June,6,Thursday,5
6/18/2021,20210618,2021,2021-Q2,2021-06,18,June,6,Friday,6
6/19/2021,20210619,2021,2021-Q2,2021-06,19,June,6,Saturday,7
6/20/2021,20210620,2021,2021-Q2,2021-06,20,June,6,Sunday,1
6/21/2021,20210621,2021,2021-Q2,2021-06,21,June,6,Monday,2
6/22/2021,20210622,2021,2021-Q2,2021-06,22,June,6,Tuesday,3
6/23/2021,20210623,2021,2021-Q2,2021-06,23,June,6,Wednesday,4
6/24/2021,20210624,2021,2021-Q2,2021-06,24,June,6,Thursday,5
6/25/2021,20210625,2021,2021-Q2,2021-06,25,June,6,Friday,6
6/26/2021,20210626,2021,2021-Q2,2021-06,26,June,6,Saturday,7
6/27/2021,20210627,2021,2021-Q2,2021-06,27,June,6,Sunday,1
6/28/2021,20210628,2021,2021-Q2,2021-06,28,June,6,Monday,2
6/29/2021,20210629,2021,2021-Q2,2021-06,29,June,6,Tuesday,3
6/30/2021,20210630,2021,2021-Q2,2021-06,30,June,6,Wednesday,4
7/1/2021,20210701,2021,2021-Q3,2021-07,1,July,7,Thursday,5
7/2/2021,20210702,2021,2021-Q3,2021-07,2,July,7,Friday,6
7/3/2021,20210703,2021,2021-Q3,2021-07,3,July,7,Saturday,7
7/4/2021,20210704,2021,2021-Q3,2021-07,4,July,7,Sunday,1
7/5/2021,20210705,2021,2021-Q3,2021-07,5,July,7,Monday,2
7/6/2021,20210706,2021,2021-Q3,2021-07,6,July,7,Tuesday,3
7/7/2021,20210707,2021,2021-Q3,2021-07,7,July,7,Wednesday,4
7/8/2021,20210708,2021,2021-Q3,2021-07,8,July,7,Thursday,5
7/9/2021,20210709,2021,2021-Q3,2021-07,9,July,7,Friday,6
7/10/2021,20210710,2021,2021-Q3,2021-07,10,July,7,Saturday,7
7/11/2021,20210711,2021,2021-Q3,2021-07,11,July,7,Sunday,1
7/12/2021,20210712,2021,2021-Q3,2021-07,12,July,7,Monday,2
7/13/2021,20210713,2021,2021-Q3,2021-07,13,July,7,Tuesday,3
7/14/2021,20210714,2021,2021-Q3,2021-07,14,July,7,Wednesday,4
7/15/2021,20210715,2021,2021-Q3,2021-07,15,July,7,Thursday,5
7/16/2021,20210716,2021,2021-Q3,2021-07,16,July,7,Friday,6
7/17/2021,20210717,2021,2021-Q3,2021-07,17,July,7,Saturday,7
7/18/2021,20210718,2021,2021-Q3,2021-07,18,July,7,Sunday,1
7/19/2021,20210719,2021,2021-Q3,2021-07,19,July,7,Monday,2
7/20/2021,20210720,2021,2021-Q3,2021-07,20,July,7,Tuesday,3
7/21/2021,20210721,2021,2021-Q3,2021-07,21,July,7,Wednesday,4
7/22/2021,20210722,2021,2021-Q3,2021-07,22,July,7,Thursday,5
7/23/2021,20210723,2021,2021-Q3,2021-07,23,July,7,Friday,6
7/24/2021,20210724,2021,2021-Q3,2021-07,24,July,7,Saturday,7
7/25/2021,20210725,2021,2021-Q3,2021-07,25,July,7,Sunday,1
7/26/2021,20210726,2021,2021-Q3,2021-07,26,July,7,Monday,2
7/27/2021,20210727,2021,2021-Q3,2021-07,27,July,7,Tuesday,3
7/28/2021,20210728,2021,2021-Q3,2021-07,28,July,7,Wednesday,4
7/29/2021,20210729,2021,2021-Q3,2021-07,29,July,7,Thursday,5
7/30/2021,20210730,2021,2021-Q3,2021-07,30,July,7,Friday,6
7/31/2021,20210731,2021,2021-Q3,2021-07,31,July,7,Saturday,7
8/1/2021,20210801,2021,2021-Q3,2021-08,1,August,8,Sunday,1
8/2/2021,20210802,2021,2021-Q3,2021-08,2,August,8,Monday,2
8/3/2021,20210803,2021,2021-Q3,2021-08,3,August,8,Tuesday,3
8/4/2021,20210804,2021,2021-Q3,2021-08,4,August,8,Wednesday,4
8/5/2021,20210805,2021,2021-Q3,2021-08,5,August,8,Thursday,5
8/6/2021,20210806,2021,2021-Q3,2021-08,6,August,8,Friday,6
8/7/2021,20210807,2021,2021-Q3,2021-08,7,August,8,Saturday,7
8/8/2021,20210808,2021,2021-Q3,2021-08,8,August,8,Sunday,1
8/9/2021,20210809,2021,2021-Q3,2021-08,9,August,8,Monday,2
8/10/2021,20210810,2021,2021-Q3,2021-08,10,August,8,Tuesday,3
8/11/2021,20210811,2021,2021-Q3,2021-08,11,August,8,Wednesday,4
8/12/2021,20210812,2021,2021-Q3,2021-08,12,August,8,Thursday,5
8/13/2021,20210813,2021,2021-Q3,2021-08,13,August,8,Friday,6
8/14/2021,20210814,2021,2021-Q3,2021-08,14,August,8,Saturday,7
8/15/2021,20210815,2021,2021-Q3,2021-08,15,August,8,Sunday,1
8/16/2021,20210816,2021,2021-Q3,2021-08,16,August,8,Monday,2
8/17/2021,20210817,2021,2021-Q3,2021-08,17,August,8,Tuesday,3
8/18/2021,20210818,2021,2021-Q3,2021-08,18,August,8,Wednesday,4
8/19/2021,20210819,2021,2021-Q3,2021-08,19,August,8,Thursday,5
8/20/2021,20210820,2021,2021-Q3,2021-08,20,August,8,Friday,6
8/21/2021,20210821,2021,2021-Q3,2021-08,21,August,8,Saturday,7
8/22/2021,20210822,2021,2021-Q3,2021-08,22,August,8,Sunday,1
8/23/2021,20210823,2021,2021-Q3,2021-08,23,August,8,Monday,2
8/24/2021,20210824,2021,2021-Q3,2021-08,24,August,8,Tuesday,3
8/25/2021,20210825,2021,2021-Q3,2021-08,25,August,8,Wednesday,4
8/26/2021,20210826,2021,2021-Q3,2021-08,26,August,8,Thursday,5
8/27/2021,20210827,2021,2021-Q3,2021-08,27,August,8,Friday,6
8/28/2021,20210828,2021,2021-Q3,2021-08,28,August,8,Saturday,7
8/29/2021,20210829,2021,2021-Q3,2021-08,29,August,8,Sunday,1
8/30/2021,20210830,2021,2021-Q3,2021-08,30,August,8,Monday,2
8/31/2021,20210831,2021,2021-Q3,2021-08,31,August,8,Tuesday,3
9/1/2021,20210901,2021,2021-Q3,2021-09,1,September,9,Wednesday,4
9/2/2021,20210902,2021,2021-Q3,2021-09,2,September,9,Thursday,5
9/3/2021,20210903,2021,2021-Q3,2021-09,3,September,9,Friday,6
9/4/2021,20210904,2021,2021-Q3,2021-09,4,September,9,Saturday,7
9/5/2021,20210905,2021,2021-Q3,2021-09,5,September,9,Sunday,1
9/6/2021,20210906,2021,2021-Q3,2021-09,6,September,9,Monday,2
9/7/2021,20210907,2021,2021-Q3,2021-09,7,September,9,Tuesday,3
9/8/2021,20210908,2021,2021-Q3,2021-09,8,September,9,Wednesday,4
9/9/2021,20210909,2021,2021-Q3,2021-09,9,September,9,Thursday,5
9/10/2021,20210910,2021,2021-Q3,2021-09,10,September,9,Friday,6
9/11/2021,20210911,2021,2021-Q3,2021-09,11,September,9,Saturday,7
9/12/2021,20210912,2021,2021-Q3,2021-09,12,September,9,Sunday,1
9/13/2021,20210913,2021,2021-Q3,2021-09,13,September,9,Monday,2
9/14/2021,20210914,2021,2021-Q3,2021-09,14,September,9,Tuesday,3
9/15/2021,20210915,2021,2021-Q3,2021-09,15,September,9,Wednesday,4
9/16/2021,20210916,2021,2021-Q3,2021-09,16,September,9,Thursday,5
9/17/2021,20210917,2021,2021-Q3,2021-09,17,September,9,Friday,6
9/18/2021,20210918,2021,2021-Q3,2021-09,18,September,9,Saturday,7
9/19/2021,20210919,2021,2021-Q3,2021-09,19,September,9,Sunday,1
9/20/2021,20210920,2021,2021-Q3,2021-09,20,September,9,Monday,2
9/21/2021,20210921,2021,2021-Q3,2021-09,21,September,9,Tuesday,3
9/22/2021,20210922,2021,2021-Q3,2021-09,22,September,9,Wednesday,4
9/23/2021,20210923,2021,2021-Q3,2021-09,23,September,9,Thursday,5
9/24/2021,20210924,2021,2021-Q3,2021-09,24,September,9,Friday,6
9/25/2021,20210925,2021,2021-Q3,2021-09,25,September,9,Saturday,7
9/26/2021,20210926,2021,2021-Q3,2021-09,26,September,9,Sunday,1
9/27/2021,20210927,2021,2021-Q3,2021-09,27,September,9,Monday,2
9/28/2021,20210928,2021,2021-Q3,2021-09,28,September,9,Tuesday,3
9/29/2021,20210929,2021,2021-Q3,2021-09,29,September,9,Wednesday,4
9/30/2021,20210930,2021,2021-Q3,2021-09,30,September,9,Thursday,5
10/1/2021,20211001,2021,2021-Q4,2021-10,1,October,10,Friday,6
10/2/2021,20211002,2021,2021-Q4,2021-10,2,October,10,Saturday,7
10/3/2021,20211003,2021,2021-Q4,2021-10,3,October,10,Sunday,1
10/4/2021,20211004,2021,2021-Q4,2021-10,4,October,10,Monday,2
10/5/2021,20211005,2021,2021-Q4,2021-10,5,October,10,Tuesday,3
10/6/2021,20211006,2021,2021-Q4,2021-10,6,October,10,Wednesday,4
10/7/2021,20211007,2021,2021-Q4,2021-10,7,October,10,Thursday,5
10/8/2021,20211008,2021,2021-Q4,2021-10,8,October,10,Friday,6
10/9/2021,20211009,2021,2021-Q4,2021-10,9,October,10,Saturday,7
10/10/2021,20211010,2021,2021-Q4,2021-10,10,October,10,Sunday,1
10/11/2021,20211011,2021,2021-Q4,2021-10,11,October,10,Monday,2
10/12/2021,20211012,2021,2021-Q4,2021-10,12,October,10,Tuesday,3
10/13/2021,20211013,2021,2021-Q4,2021-10,13,October,10,Wednesday,4
10/14/2021,20211014,2021,2021-Q4,2021-10,14,October,10,Thursday,5
10/15/2021,20211015,2021,2021-Q4,2021-10,15,October,10,Friday,6
10/16/2021,20211016,2021,2021-Q4,2021-10,16,October,10,Saturday,7
10/17/2021,20211017,2021,2021-Q4,2021-10,17,October,10,Sunday,1
10/18/2021,20211018,2021,2021-Q4,2021-10,18,October,10,Monday,2
10/19/2021,20211019,2021,2021-Q4,2021-10,19,October,10,Tuesday,3
10/20/2021,20211020,2021,2021-Q4,2021-10,20,October,10,Wednesday,4
10/21/2021,20211021,2021,2021-Q4,2021-10,21,October,10,Thursday,5
10/22/2021,20211022,2021,2021-Q4,2021-10,22,October,10,Friday,6
10/23/2021,20211023,2021,2021-Q4,2021-10,23,October,10,Saturday,7
10/24/2021,20211024,2021,2021-Q4,2021-10,24,October,10,Sunday,1
10/25/2021,20211025,2021,2021-Q4,2021-10,25,October,10,Monday,2
10/26/2021,20211026,2021,2021-Q4,2021-10,26,October,10,Tuesday,3
10/27/2021,20211027,2021,2021-Q4,2021-10,27,October,10,Wednesday,4
10/28/2021,20211028,2021,2021-Q4,2021-10,28,October,10,Thursday,5
10/29/2021,20211029,2021,2021-Q4,2021-10,29,October,10,Friday,6
10/30/2021,20211030,2021,2021-Q4,2021-10,30,October,10,Saturday,7
10/31/2021,20211031,2021,2021-Q4,2021-10,31,October,10,Sunday,1
11/1/2021,20211101,2021,2021-Q4,2021-11,1,November,11,Monday,2
11/2/2021,20211102,2021,2021-Q4,2021-11,2,November,11,Tuesday,3
11/3/2021,20211103,2021,2021-Q4,2021-11,3,November,11,Wednesday,4
11/4/2021,20211104,2021,2021-Q4,2021-11,4,November,11,Thursday,5
11/5/2021,20211105,2021,2021-Q4,2021-11,5,November,11,Friday,6
11/6/2021,20211106,2021,2021-Q4,2021-11,6,November,11,Saturday,7
11/7/2021,20211107,2021,2021-Q4,2021-11,7,November,11,Sunday,1
11/8/2021,20211108,2021,2021-Q4,2021-11,8,November,11,Monday,2
11/9/2021,20211109,2021,2021-Q4,2021-11,9,November,11,Tuesday,3
11/10/2021,20211110,2021,2021-Q4,2021-11,10,November,11,Wednesday,4
11/11/2021,20211111,2021,2021-Q4,2021-11,11,November,11,Thursday,5
11/12/2021,20211112,2021,2021-Q4,2021-11,12,November,11,Friday,6
11/13/2021,20211113,2021,2021-Q4,2021-11,13,November,11,Saturday,7
11/14/2021,20211114,2021,2021-Q4,2021-11,14,November,11,Sunday,1
11/15/2021,20211115,2021,2021-Q4,2021-11,15,November,11,Monday,2
11/16/2021,20211116,2021,2021-Q4,2021-11,16,November,11,Tuesday,3
11/17/2021,20211117,2021,2021-Q4,2021-11,17,November,11,Wednesday,4
11/18/2021,20211118,2021,2021-Q4,2021-11,18,November,11,Thursday,5
11/19/2021,20211119,2021,2021-Q4,2021-11,19,November,11,Friday,6
11/20/2021,20211120,2021,2021-Q4,2021-11,20,November,11,Saturday,7
11/21/2021,20211121,2021,2021-Q4,2021-11,21,November,11,Sunday,1
11/22/2021,20211122,2021,2021-Q4,2021-11,22,November,11,Monday,2
11/23/2021,20211123,2021,2021-Q4,2021-11,23,November,11,Tuesday,3
11/24/2021,20211124,2021,2021-Q4,2021-11,24,November,11,Wednesday,4
11/25/2021,20211125,2021,2021-Q4,2021-11,25,November,11,Thursday,5
11/26/2021,20211126,2021,2021-Q4,2021-11,26,November,11,Friday,6
11/27/2021,20211127,2021,2021-Q4,2021-11,27,November,11,Saturday,7
11/28/2021,20211128,2021,2021-Q4,2021-11,28,November,11,Sunday,1
11/29/2021,20211129,2021,2021-Q4,2021-11,29,November,11,Monday,2
11/30/2021,20211130,2021,2021-Q4,2021-11,30,November,11,Tuesday,3
12/1/2021,20211201,2021,2021-Q4,2021-12,1,December,12,Wednesday,4
12/2/2021,20211202,2021,2021-Q4,2021-12,2,December,12,Thursday,5
12/3/2021,20211203,2021,2021-Q4,2021-12,3,December,12,Friday,6
12/4/2021,20211204,2021,2021-Q4,2021-12,4,December,12,Saturday,7
12/5/2021,20211205,2021,2021-Q4,2021-12,5,December,12,Sunday,1
12/6/2021,20211206,2021,2021-Q4,2021-12,6,December,12,Monday,2
12/7/2021,20211207,2021,2021-Q4,2021-12,7,December,12,Tuesday,3
12/8/2021,20211208,2021,2021-Q4,2021-12,8,December,12,Wednesday,4
12/9/2021,20211209,2021,2021-Q4,2021-12,9,December,12,Thursday,5
12/10/2021,20211210,2021,2021-Q4,2021-12,10,December,12,Friday,6
12/11/2021,20211211,2021,2021-Q4,2021-12,11,December,12,Saturday,7
12/12/2021,20211212,2021,2021-Q4,2021-12,12,December,12,Sunday,1
12/13/2021,20211213,2021,2021-Q4,2021-12,13,December,12,Monday,2
12/14/2021,20211214,2021,2021-Q4,2021-12,14,December,12,Tuesday,3
12/15/2021,20211215,2021,2021-Q4,2021-12,15,December,12,Wednesday,4
12/16/2021,20211216,2021,2021-Q4,2021-12,16,December,12,Thursday,5
12/17/2021,20211217,2021,2021-Q4,2021-12,17,December,12,Friday,6
12/18/2021,20211218,2021,2021-Q4,2021-12,18,December,12,Saturday,7
12/19/2021,20211219,2021,2021-Q4,2021-12,19,December,12,Sunday,1
12/20/2021,20211220,2021,2021-Q4,2021-12,20,December,12,Monday,2
12/21/2021,20211221,2021,2021-Q4,2021-12,21,December,12,Tuesday,3
12/22/2021,20211222,2021,2021-Q4,2021-12,22,December,12,Wednesday,4
12/23/2021,20211223,2021,2021-Q4,2021-12,23,December,12,Thursday,5
12/24/2021,20211224,2021,2021-Q4,2021-12,24,December,12,Friday,6
12/25/2021,20211225,2021,2021-Q4,2021-12,25,December,12,Saturday,7
12/26/2021,20211226,2021,2021-Q4,2021-12,26,December,12,Sunday,1
12/27/2021,20211227,2021,2021-Q4,2021-12,27,December,12,Monday,2
12/28/2021,20211228,2021,2021-Q4,2021-12,28,December,12,Tuesday,3
12/29/2021,20211229,2021,2021-Q4,2021-12,29,December,12,Wednesday,4
12/30/2021,20211230,2021,2021-Q4,2021-12,30,December,12,Thursday,5
12/31/2021,20211231,2021,2021-Q4,2021-12,31,December,12,Friday,6
1/1/2022,20220101,2022,2022-Q1,2022-01,1,January,1,Saturday,7
1/2/2022,20220102,2022,2022-Q1,2022-01,2,January,1,Sunday,1
1/3/2022,20220103,2022,2022-Q1,2022-01,3,January,1,Monday,2
1/4/2022,20220104,2022,2022-Q1,2022-01,4,January,1,Tuesday,3
1/5/2022,20220105,2022,2022-Q1,2022-01,5,January,1,Wednesday,4
1/6/2022,20220106,2022,2022-Q1,2022-01,6,January,1,Thursday,5
1/7/2022,20220107,2022,2022-Q1,2022-01,7,January,1,Friday,6
1/8/2022,20220108,2022,2022-Q1,2022-01,8,January,1,Saturday,7
1/9/2022,20220109,2022,2022-Q1,2022-01,9,January,1,Sunday,1
1/10/2022,20220110,2022,2022-Q1,2022-01,10,January,1,Monday,2
1/11/2022,20220111,2022,2022-Q1,2022-01,11,January,1,Tuesday,3
1/12/2022,20220112,2022,2022-Q1,2022-01,12,January,1,Wednesday,4
1/13/2022,20220113,2022,2022-Q1,2022-01,13,January,1,Thursday,5
1/14/2022,20220114,2022,2022-Q1,2022-01,14,January,1,Friday,6
1/15/2022,20220115,2022,2022-Q1,2022-01,15,January,1,Saturday,7
1/16/2022,20220116,2022,2022-Q1,2022-01,16,January,1,Sunday,1
1/17/2022,20220117,2022,2022-Q1,2022-01,17,January,1,Monday,2
1/18/2022,20220118,2022,2022-Q1,2022-01,18,January,1,Tuesday,3
1/19/2022,20220119,2022,2022-Q1,2022-01,19,January,1,Wednesday,4
1/20/2022,20220120,2022,2022-Q1,2022-01,20,January,1,Thursday,5
1/21/2022,20220121,2022,2022-Q1,2022-01,21,January,1,Friday,6
1/22/2022,20220122,2022,2022-Q1,2022-01,22,January,1,Saturday,7
1/23/2022,20220123,2022,2022-Q1,2022-01,23,January,1,Sunday,1
1/24/2022,20220124,2022,2022-Q1,2022-01,24,January,1,Monday,2
1/25/2022,20220125,2022,2022-Q1,2022-01,25,January,1,Tuesday,3
1/26/2022,20220126,2022,2022-Q1,2022-01,26,January,1,Wednesday,4
1/27/2022,20220127,2022,2022-Q1,2022-01,27,January,1,Thursday,5
1/28/2022,20220128,2022,2022-Q1,2022-01,28,January,1,Friday,6
1/29/2022,20220129,2022,2022-Q1,2022-01,29,January,1,Saturday,7
1/30/2022,20220130,2022,2022-Q1,2022-01,30,January,1,Sunday,1
1/31/2022,20220131,2022,2022-Q1,2022-01,31,January,1,Monday,2
2/1/2022,20220201,2022,2022-Q1,2022-02,1,February,2,Tuesday,3
2/2/2022,20220202,2022,2022-Q1,2022-02,2,February,2,Wednesday,4
2/3/2022,20220203,2022,2022-Q1,2022-02,3,February,2,Thursday,5
2/4/2022,20220204,2022,2022-Q1,2022-02,4,February,2,Friday,6
2/5/2022,20220205,2022,2022-Q1,2022-02,5,February,2,Saturday,7
2/6/2022,20220206,2022,2022-Q1,2022-02,6,February,2,Sunday,1
2/7/2022,20220207,2022,2022-Q1,2022-02,7,February,2,Monday,2
2/8/2022,20220208,2022,2022-Q1,2022-02,8,February,2,Tuesday,3
2/9/2022,20220209,2022,2022-Q1,2022-02,9,February,2,Wednesday,4
2/10/2022,20220210,2022,2022-Q1,2022-02,10,February,2,Thursday,5
2/11/2022,20220211,2022,2022-Q1,2022-02,11,February,2,Friday,6
2/12/2022,20220212,2022,2022-Q1,2022-02,12,February,2,Saturday,7
2/13/2022,20220213,2022,2022-Q1,2022-02,13,February,2,Sunday,1
2/14/2022,20220214,2022,2022-Q1,2022-02,14,February,2,Monday,2
2/15/2022,20220215,2022,2022-Q1,2022-02,15,February,2,Tuesday,3
2/16/2022,20220216,2022,2022-Q1,2022-02,16,February,2,Wednesday,4
2/17/2022,20220217,2022,2022-Q1,2022-02,17,February,2,Thursday,5
2/18/2022,20220218,2022,2022-Q1,2022-02,18,February,2,Friday,6
2/19/2022,20220219,2022,2022-Q1,2022-02,19,February,2,Saturday,7
2/20/2022,20220220,2022,2022-Q1,2022-02,20,February,2,Sunday,1
2/21/2022,20220221,2022,2022-Q1,2022-02,21,February,2,Monday,2
2/22/2022,20220222,2022,2022-Q1,2022-02,22,February,2,Tuesday,3
2/23/2022,20220223,2022,2022-Q1,2022-02,23,February,2,Wednesday,4
2/24/2022,20220224,2022,2022-Q1,2022-02,24,February,2,Thursday,5
2/25/2022,20220225,2022,2022-Q1,2022-02,25,February,2,Friday,6
2/26/2022,20220226,2022,2022-Q1,2022-02,26,February,2,Saturday,7
2/27/2022,20220227,2022,2022-Q1,2022-02,27,February,2,Sunday,1
2/28/2022,20220228,2022,2022-Q1,2022-02,28,February,2,Monday,2
3/1/2022,20220301,2022,2022-Q1,2022-03,1,March,3,Tuesday,3
3/2/2022,20220302,2022,2022-Q1,2022-03,2,March,3,Wednesday,4
3/3/2022,20220303,2022,2022-Q1,2022-03,3,March,3,Thursday,5
3/4/2022,20220304,2022,2022-Q1,2022-03,4,March,3,Friday,6
3/5/2022,20220305,2022,2022-Q1,2022-03,5,March,3,Saturday,7
3/6/2022,20220306,2022,2022-Q1,2022-03,6,March,3,Sunday,1
3/7/2022,20220307,2022,2022-Q1,2022-03,7,March,3,Monday,2
3/8/2022,20220308,2022,2022-Q1,2022-03,8,March,3,Tuesday,3
3/9/2022,20220309,2022,2022-Q1,2022-03,9,March,3,Wednesday,4
3/10/2022,20220310,2022,2022-Q1,2022-03,10,March,3,Thursday,5
3/11/2022,20220311,2022,2022-Q1,2022-03,11,March,3,Friday,6
3/12/2022,20220312,2022,2022-Q1,2022-03,12,March,3,Saturday,7
3/13/2022,20220313,2022,2022-Q1,2022-03,13,March,3,Sunday,1
3/14/2022,20220314,2022,2022-Q1,2022-03,14,March,3,Monday,2
3/15/2022,20220315,2022,2022-Q1,2022-03,15,March,3,Tuesday,3
3/16/2022,20220316,2022,2022-Q1,2022-03,16,March,3,Wednesday,4
3/17/2022,20220317,2022,2022-Q1,2022-03,17,March,3,Thursday,5
3/18/2022,20220318,2022,2022-Q1,2022-03,18,March,3,Friday,6
3/19/2022,20220319,2022,2022-Q1,2022-03,19,March,3,Saturday,7
3/20/2022,20220320,2022,2022-Q1,2022-03,20,March,3,Sunday,1
3/21/2022,20220321,2022,2022-Q1,2022-03,21,March,3,Monday,2
3/22/2022,20220322,2022,2022-Q1,2022-03,22,March,3,Tuesday,3
3/23/2022,20220323,2022,2022-Q1,2022-03,23,March,3,Wednesday,4
3/24/2022,20220324,2022,2022-Q1,2022-03,24,March,3,Thursday,5
3/25/2022,20220325,2022,2022-Q1,2022-03,25,March,3,Friday,6
3/26/2022,20220326,2022,2022-Q1,2022-03,26,March,3,Saturday,7
3/27/2022,20220327,2022,2022-Q1,2022-03,27,March,3,Sunday,1
3/28/2022,20220328,2022,2022-Q1,2022-03,28,March,3,Monday,2
3/29/2022,20220329,2022,2022-Q1,2022-03,29,March,3,Tuesday,3
3/30/2022,20220330,2022,2022-Q1,2022-03,30,March,3,Wednesday,4
3/31/2022,20220331,2022,2022-Q1,2022-03,31,March,3,Thursday,5
4/1/2022,20220401,2022,2022-Q2,2022-04,1,April,4,Friday,6
4/2/2022,20220402,2022,2022-Q2,2022-04,2,April,4,Saturday,7
4/3/2022,20220403,2022,2022-Q2,2022-04,3,April,4,Sunday,1
4/4/2022,20220404,2022,2022-Q2,2022-04,4,April,4,Monday,2
4/5/2022,20220405,2022,2022-Q2,2022-04,5,April,4,Tuesday,3
4/6/2022,20220406,2022,2022-Q2,2022-04,6,April,4,Wednesday,4
4/7/2022,20220407,2022,2022-Q2,2022-04,7,April,4,Thursday,5
4/8/2022,20220408,2022,2022-Q2,2022-04,8,April,4,Friday,6
4/9/2022,20220409,2022,2022-Q2,2022-04,9,April,4,Saturday,7
4/10/2022,20220410,2022,2022-Q2,2022-04,10,April,4,Sunday,1
4/11/2022,20220411,2022,2022-Q2,2022-04,11,April,4,Monday,2
4/12/2022,20220412,2022,2022-Q2,2022-04,12,April,4,Tuesday,3
4/13/2022,20220413,2022,2022-Q2,2022-04,13,April,4,Wednesday,4
4/14/2022,20220414,2022,2022-Q2,2022-04,14,April,4,Thursday,5
4/15/2022,20220415,2022,2022-Q2,2022-04,15,April,4,Friday,6
4/16/2022,20220416,2022,2022-Q2,2022-04,16,April,4,Saturday,7
4/17/2022,20220417,2022,2022-Q2,2022-04,17,April,4,Sunday,1
4/18/2022,20220418,2022,2022-Q2,2022-04,18,April,4,Monday,2
4/19/2022,20220419,2022,2022-Q2,2022-04,19,April,4,Tuesday,3
4/20/2022,20220420,2022,2022-Q2,2022-04,20,April,4,Wednesday,4
4/21/2022,20220421,2022,2022-Q2,2022-04,21,April,4,Thursday,5
4/22/2022,20220422,2022,2022-Q2,2022-04,22,April,4,Friday,6
4/23/2022,20220423,2022,2022-Q2,2022-04,23,April,4,Saturday,7
4/24/2022,20220424,2022,2022-Q2,2022-04,24,April,4,Sunday,1
4/25/2022,20220425,2022,2022-Q2,2022-04,25,April,4,Monday,2
4/26/2022,20220426,2022,2022-Q2,2022-04,26,April,4,Tuesday,3
4/27/2022,20220427,2022,2022-Q2,2022-04,27,April,4,Wednesday,4
4/28/2022,20220428,2022,2022-Q2,2022-04,28,April,4,Thursday,5
4/29/2022,20220429,2022,2022-Q2,2022-04,29,April,4,Friday,6
4/30/2022,20220430,2022,2022-Q2,2022-04,30,April,4,Saturday,7
5/1/2022,20220501,2022,2022-Q2,2022-05,1,May,5,Sunday,1
5/2/2022,20220502,2022,2022-Q2,2022-05,2,May,5,Monday,2
5/3/2022,20220503,2022,2022-Q2,2022-05,3,May,5,Tuesday,3
5/4/2022,20220504,2022,2022-Q2,2022-05,4,May,5,Wednesday,4
5/5/2022,20220505,2022,2022-Q2,2022-05,5,May,5,Thursday,5
5/6/2022,20220506,2022,2022-Q2,2022-05,6,May,5,Friday,6
5/7/2022,20220507,2022,2022-Q2,2022-05,7,May,5,Saturday,7
5/8/2022,20220508,2022,2022-Q2,2022-05,8,May,5,Sunday,1
5/9/2022,20220509,2022,2022-Q2,2022-05,9,May,5,Monday,2
5/10/2022,20220510,2022,2022-Q2,2022-05,10,May,5,Tuesday,3
5/11/2022,20220511,2022,2022-Q2,2022-05,11,May,5,Wednesday,4
5/12/2022,20220512,2022,2022-Q2,2022-05,12,May,5,Thursday,5
5/13/2022,20220513,2022,2022-Q2,2022-05,13,May,5,Friday,6
5/14/2022,20220514,2022,2022-Q2,2022-05,14,May,5,Saturday,7
5/15/2022,20220515,2022,2022-Q2,2022-05,15,May,5,Sunday,1
5/16/2022,20220516,2022,2022-Q2,2022-05,16,May,5,Monday,2
5/17/2022,20220517,2022,2022-Q2,2022-05,17,May,5,Tuesday,3
5/18/2022,20220518,2022,2022-Q2,2022-05,18,May,5,Wednesday,4
5/19/2022,20220519,2022,2022-Q2,2022-05,19,May,5,Thursday,5
5/20/2022,20220520,2022,2022-Q2,2022-05,20,May,5,Friday,6
5/21/2022,20220521,2022,2022-Q2,2022-05,21,May,5,Saturday,7
5/22/2022,20220522,2022,2022-Q2,2022-05,22,May,5,Sunday,1
5/23/2022,20220523,2022,2022-Q2,2022-05,23,May,5,Monday,2
5/24/2022,20220524,2022,2022-Q2,2022-05,24,May,5,Tuesday,3
5/25/2022,20220525,2022,2022-Q2,2022-05,25,May,5,Wednesday,4
5/26/2022,20220526,2022,2022-Q2,2022-05,26,May,5,Thursday,5
5/27/2022,20220527,2022,2022-Q2,2022-05,27,May,5,Friday,6
5/28/2022,20220528,2022,2022-Q2,2022-05,28,May,5,Saturday,7
5/29/2022,20220529,2022,2022-Q2,2022-05,29,May,5,Sunday,1
5/30/2022,20220530,2022,2022-Q2,2022-05,30,May,5,Monday,2
5/31/2022,20220531,2022,2022-Q2,2022-05,31,May,5,Tuesday,3
6/1/2022,20220601,2022,2022-Q2,2022-06,1,June,6,Wednesday,4
6/2/2022,20220602,2022,2022-Q2,2022-06,2,June,6,Thursday,5
6/3/2022,20220603,2022,2022-Q2,2022-06,3,June,6,Friday,6
6/4/2022,20220604,2022,2022-Q2,2022-06,4,June,6,Saturday,7
6/5/2022,20220605,2022,2022-Q2,2022-06,5,June,6,Sunday,1
6/6/2022,20220606,2022,2022-Q2,2022-06,6,June,6,Monday,2
6/7/2022,20220607,2022,2022-Q2,2022-06,7,June,6,Tuesday,3
6/8/2022,20220608,2022,2022-Q2,2022-06,8,June,6,Wednesday,4
6/9/2022,20220609,2022,2022-Q2,2022-06,9,June,6,Thursday,5
6/10/2022,20220610,2022,2022-Q2,2022-06,10,June,6,Friday,6
6/11/2022,20220611,2022,2022-Q2,2022-06,11,June,6,Saturday,7
6/12/2022,20220612,2022,2022-Q2,2022-06,12,June,6,Sunday,1
6/13/2022,20220613,2022,2022-Q2,2022-06,13,June,6,Monday,2
6/14/2022,20220614,2022,2022-Q2,2022-06,14,June,6,Tuesday,3
6/15/2022,20220615,2022,2022-Q2,2022-06,15,June,6,Wednesday,4
6/16/2022,20220616,2022,2022-Q2,2022-06,16,June,6,Thursday,5
6/17/2022,20220617,2022,2022-Q2,2022-06,17,June,6,Friday,6
6/18/2022,20220618,2022,2022-Q2,2022-06,18,June,6,Saturday,7
6/19/2022,20220619,2022,2022-Q2,2022-06,19,June,6,Sunday,1
6/20/2022,20220620,2022,2022-Q2,2022-06,20,June,6,Monday,2
6/21/2022,20220621,2022,2022-Q2,2022-06,21,June,6,Tuesday,3
6/22/2022,20220622,2022,2022-Q2,2022-06,22,June,6,Wednesday,4
6/23/2022,20220623,2022,2022-Q2,2022-06,23,June,6,Thursday,5
6/24/2022,20220624,2022,2022-Q2,2022-06,24,June,6,Friday,6
6/25/2022,20220625,2022,2022-Q2,2022-06,25,June,6,Saturday,7
6/26/2022,20220626,2022,2022-Q2,2022-06,26,June,6,Sunday,1
6/27/2022,20220627,2022,2022-Q2,2022-06,27,June,6,Monday,2
6/28/2022,20220628,2022,2022-Q2,2022-06,28,June,6,Tuesday,3
6/29/2022,20220629,2022,2022-Q2,2022-06,29,June,6,Wednesday,4
6/30/2022,20220630,2022,2022-Q2,2022-06,30,June,6,Thursday,5
7/1/2022,20220701,2022,2022-Q3,2022-07,1,July,7,Friday,6
7/2/2022,20220702,2022,2022-Q3,2022-07,2,July,7,Saturday,7
7/3/2022,20220703,2022,2022-Q3,2022-07,3,July,7,Sunday,1
7/4/2022,20220704,2022,2022-Q3,2022-07,4,July,7,Monday,2
7/5/2022,20220705,2022,2022-Q3,2022-07,5,July,7,Tuesday,3
7/6/2022,20220706,2022,2022-Q3,2022-07,6,July,7,Wednesday,4
7/7/2022,20220707,2022,2022-Q3,2022-07,7,July,7,Thursday,5
7/8/2022,20220708,2022,2022-Q3,2022-07,8,July,7,Friday,6
7/9/2022,20220709,2022,2022-Q3,2022-07,9,July,7,Saturday,7
7/10/2022,20220710,2022,2022-Q3,2022-07,10,July,7,Sunday,1
7/11/2022,20220711,2022,2022-Q3,2022-07,11,July,7,Monday,2
7/12/2022,20220712,2022,2022-Q3,2022-07,12,July,7,Tuesday,3
7/13/2022,20220713,2022,2022-Q3,2022-07,13,July,7,Wednesday,4
7/14/2022,20220714,2022,2022-Q3,2022-07,14,July,7,Thursday,5
7/15/2022,20220715,2022,2022-Q3,2022-07,15,July,7,Friday,6
7/16/2022,20220716,2022,2022-Q3,2022-07,16,July,7,Saturday,7
7/17/2022,20220717,2022,2022-Q3,2022-07,17,July,7,Sunday,1
7/18/2022,20220718,2022,2022-Q3,2022-07,18,July,7,Monday,2
7/19/2022,20220719,2022,2022-Q3,2022-07,19,July,7,Tuesday,3
7/20/2022,20220720,2022,2022-Q3,2022-07,20,July,7,Wednesday,4
7/21/2022,20220721,2022,2022-Q3,2022-07,21,July,7,Thursday,5
7/22/2022,20220722,2022,2022-Q3,2022-07,22,July,7,Friday,6
7/23/2022,20220723,2022,2022-Q3,2022-07,23,July,7,Saturday,7
7/24/2022,20220724,2022,2022-Q3,2022-07,24,July,7,Sunday,1
7/25/2022,20220725,2022,2022-Q3,2022-07,25,July,7,Monday,2
7/26/2022,20220726,2022,2022-Q3,2022-07,26,July,7,Tuesday,3
7/27/2022,20220727,2022,2022-Q3,2022-07,27,July,7,Wednesday,4
7/28/2022,20220728,2022,2022-Q3,2022-07,28,July,7,Thursday,5
7/29/2022,20220729,2022,2022-Q3,2022-07,29,July,7,Friday,6
7/30/2022,20220730,2022,2022-Q3,2022-07,30,July,7,Saturday,7
7/31/2022,20220731,2022,2022-Q3,2022-07,31,July,7,Sunday,1
8/1/2022,20220801,2022,2022-Q3,2022-08,1,August,8,Monday,2
8/2/2022,20220802,2022,2022-Q3,2022-08,2,August,8,Tuesday,3
8/3/2022,20220803,2022,2022-Q3,2022-08,3,August,8,Wednesday,4
8/4/2022,20220804,2022,2022-Q3,2022-08,4,August,8,Thursday,5
8/5/2022,20220805,2022,2022-Q3,2022-08,5,August,8,Friday,6
8/6/2022,20220806,2022,2022-Q3,2022-08,6,August,8,Saturday,7
8/7/2022,20220807,2022,2022-Q3,2022-08,7,August,8,Sunday,1
8/8/2022,20220808,2022,2022-Q3,2022-08,8,August,8,Monday,2
8/9/2022,20220809,2022,2022-Q3,2022-08,9,August,8,Tuesday,3
8/10/2022,20220810,2022,2022-Q3,2022-08,10,August,8,Wednesday,4
8/11/2022,20220811,2022,2022-Q3,2022-08,11,August,8,Thursday,5
8/12/2022,20220812,2022,2022-Q3,2022-08,12,August,8,Friday,6
8/13/2022,20220813,2022,2022-Q3,2022-08,13,August,8,Saturday,7
8/14/2022,20220814,2022,2022-Q3,2022-08,14,August,8,Sunday,1
8/15/2022,20220815,2022,2022-Q3,2022-08,15,August,8,Monday,2
8/16/2022,20220816,2022,2022-Q3,2022-08,16,August,8,Tuesday,3
8/17/2022,20220817,2022,2022-Q3,2022-08,17,August,8,Wednesday,4
8/18/2022,20220818,2022,2022-Q3,2022-08,18,August,8,Thursday,5
8/19/2022,20220819,2022,2022-Q3,2022-08,19,August,8,Friday,6
8/20/2022,20220820,2022,2022-Q3,2022-08,20,August,8,Saturday,7
8/21/2022,20220821,2022,2022-Q3,2022-08,21,August,8,Sunday,1
8/22/2022,20220822,2022,2022-Q3,2022-08,22,August,8,Monday,2
8/23/2022,20220823,2022,2022-Q3,2022-08,23,August,8,Tuesday,3
8/24/2022,20220824,2022,2022-Q3,2022-08,24,August,8,Wednesday,4
8/25/2022,20220825,2022,2022-Q3,2022-08,25,August,8,Thursday,5
8/26/2022,20220826,2022,2022-Q3,2022-08,26,August,8,Friday,6
8/27/2022,20220827,2022,2022-Q3,2022-08,27,August,8,Saturday,7
8/28/2022,20220828,2022,2022-Q3,2022-08,28,August,8,Sunday,1
8/29/2022,20220829,2022,2022-Q3,2022-08,29,August,8,Monday,2
8/30/2022,20220830,2022,2022-Q3,2022-08,30,August,8,Tuesday,3
8/31/2022,20220831,2022,2022-Q3,2022-08,31,August,8,Wednesday,4
9/1/2022,20220901,2022,2022-Q3,2022-09,1,September,9,Thursday,5
9/2/2022,20220902,2022,2022-Q3,2022-09,2,September,9,Friday,6
9/3/2022,20220903,2022,2022-Q3,2022-09,3,September,9,Saturday,7
9/4/2022,20220904,2022,2022-Q3,2022-09,4,September,9,Sunday,1
9/5/2022,20220905,2022,2022-Q3,2022-09,5,September,9,Monday,2
9/6/2022,20220906,2022,2022-Q3,2022-09,6,September,9,Tuesday,3
9/7/2022,20220907,2022,2022-Q3,2022-09,7,September,9,Wednesday,4
9/8/2022,20220908,2022,2022-Q3,2022-09,8,September,9,Thursday,5
9/9/2022,20220909,2022,2022-Q3,2022-09,9,September,9,Friday,6
9/10/2022,20220910,2022,2022-Q3,2022-09,10,September,9,Saturday,7
9/11/2022,20220911,2022,2022-Q3,2022-09,11,September,9,Sunday,1
9/12/2022,20220912,2022,2022-Q3,2022-09,12,September,9,Monday,2
9/13/2022,20220913,2022,2022-Q3,2022-09,13,September,9,Tuesday,3
9/14/2022,20220914,2022,2022-Q3,2022-09,14,September,9,Wednesday,4
9/15/2022,20220915,2022,2022-Q3,2022-09,15,September,9,Thursday,5
9/16/2022,20220916,2022,2022-Q3,2022-09,16,September,9,Friday,6
9/17/2022,20220917,2022,2022-Q3,2022-09,17,September,9,Saturday,7
9/18/2022,20220918,2022,2022-Q3,2022-09,18,September,9,Sunday,1
9/19/2022,20220919,2022,2022-Q3,2022-09,19,September,9,Monday,2
9/20/2022,20220920,2022,2022-Q3,2022-09,20,September,9,Tuesday,3
9/21/2022,20220921,2022,2022-Q3,2022-09,21,September,9,Wednesday,4
9/22/2022,20220922,2022,2022-Q3,2022-09,22,September,9,Thursday,5
9/23/2022,20220923,2022,2022-Q3,2022-09,23,September,9,Friday,6
9/24/2022,20220924,2022,2022-Q3,2022-09,24,September,9,Saturday,7
9/25/2022,20220925,2022,2022-Q3,2022-09,25,September,9,Sunday,1
9/26/2022,20220926,2022,2022-Q3,2022-09,26,September,9,Monday,2
9/27/2022,20220927,2022,2022-Q3,2022-09,27,September,9,Tuesday,3
9/28/2022,20220928,2022,2022-Q3,2022-09,28,September,9,Wednesday,4
9/29/2022,20220929,2022,2022-Q3,2022-09,29,September,9,Thursday,5
9/30/2022,20220930,2022,2022-Q3,2022-09,30,September,9,Friday,6
10/1/2022,20221001,2022,2022-Q4,2022-10,1,October,10,Saturday,7
10/2/2022,20221002,2022,2022-Q4,2022-10,2,October,10,Sunday,1
10/3/2022,20221003,2022,2022-Q4,2022-10,3,October,10,Monday,2
10/4/2022,20221004,2022,2022-Q4,2022-10,4,October,10,Tuesday,3
10/5/2022,20221005,2022,2022-Q4,2022-10,5,October,10,Wednesday,4
10/6/2022,20221006,2022,2022-Q4,2022-10,6,October,10,Thursday,5
10/7/2022,20221007,2022,2022-Q4,2022-10,7,October,10,Friday,6
10/8/2022,20221008,2022,2022-Q4,2022-10,8,October,10,Saturday,7
10/9/2022,20221009,2022,2022-Q4,2022-10,9,October,10,Sunday,1
10/10/2022,20221010,2022,2022-Q4,2022-10,10,October,10,Monday,2
10/11/2022,20221011,2022,2022-Q4,2022-10,11,October,10,Tuesday,3
10/12/2022,20221012,2022,2022-Q4,2022-10,12,October,10,Wednesday,4
10/13/2022,20221013,2022,2022-Q4,2022-10,13,October,10,Thursday,5
10/14/2022,20221014,2022,2022-Q4,2022-10,14,October,10,Friday,6
10/15/2022,20221015,2022,2022-Q4,2022-10,15,October,10,Saturday,7
10/16/2022,20221016,2022,2022-Q4,2022-10,16,October,10,Sunday,1
10/17/2022,20221017,2022,2022-Q4,2022-10,17,October,10,Monday,2
10/18/2022,20221018,2022,2022-Q4,2022-10,18,October,10,Tuesday,3
10/19/2022,20221019,2022,2022-Q4,2022-10,19,October,10,Wednesday,4
10/20/2022,20221020,2022,2022-Q4,2022-10,20,October,10,Thursday,5
10/21/2022,20221021,2022,2022-Q4,2022-10,21,October,10,Friday,6
10/22/2022,20221022,2022,2022-Q4,2022-10,22,October,10,Saturday,7
10/23/2022,20221023,2022,2022-Q4,2022-10,23,October,10,Sunday,1
10/24/2022,20221024,2022,2022-Q4,2022-10,24,October,10,Monday,2
10/25/2022,20221025,2022,2022-Q4,2022-10,25,October,10,Tuesday,3
10/26/2022,20221026,2022,2022-Q4,2022-10,26,October,10,Wednesday,4
10/27/2022,20221027,2022,2022-Q4,2022-10,27,October,10,Thursday,5
10/28/2022,20221028,2022,2022-Q4,2022-10,28,October,10,Friday,6
10/29/2022,20221029,2022,2022-Q4,2022-10,29,October,10,Saturday,7
10/30/2022,20221030,2022,2022-Q4,2022-10,30,October,10,Sunday,1
10/31/2022,20221031,2022,2022-Q4,2022-10,31,October,10,Monday,2
11/1/2022,20221101,2022,2022-Q4,2022-11,1,November,11,Tuesday,3
11/2/2022,20221102,2022,2022-Q4,2022-11,2,November,11,Wednesday,4
11/3/2022,20221103,2022,2022-Q4,2022-11,3,November,11,Thursday,5
11/4/2022,20221104,2022,2022-Q4,2022-11,4,November,11,Friday,6
11/5/2022,20221105,2022,2022-Q4,2022-11,5,November,11,Saturday,7
11/6/2022,20221106,2022,2022-Q4,2022-11,6,November,11,Sunday,1
11/7/2022,20221107,2022,2022-Q4,2022-11,7,November,11,Monday,2
11/8/2022,20221108,2022,2022-Q4,2022-11,8,November,11,Tuesday,3
11/9/2022,20221109,2022,2022-Q4,2022-11,9,November,11,Wednesday,4
11/10/2022,20221110,2022,2022-Q4,2022-11,10,November,11,Thursday,5
11/11/2022,20221111,2022,2022-Q4,2022-11,11,November,11,Friday,6
11/12/2022,20221112,2022,2022-Q4,2022-11,12,November,11,Saturday,7
11/13/2022,20221113,2022,2022-Q4,2022-11,13,November,11,Sunday,1
11/14/2022,20221114,2022,2022-Q4,2022-11,14,November,11,Monday,2
11/15/2022,20221115,2022,2022-Q4,2022-11,15,November,11,Tuesday,3
11/16/2022,20221116,2022,2022-Q4,2022-11,16,November,11,Wednesday,4
11/17/2022,20221117,2022,2022-Q4,2022-11,17,November,11,Thursday,5
11/18/2022,20221118,2022,2022-Q4,2022-11,18,November,11,Friday,6
11/19/2022,20221119,2022,2022-Q4,2022-11,19,November,11,Saturday,7
11/20/2022,20221120,2022,2022-Q4,2022-11,20,November,11,Sunday,1
11/21/2022,20221121,2022,2022-Q4,2022-11,21,November,11,Monday,2
11/22/2022,20221122,2022,2022-Q4,2022-11,22,November,11,Tuesday,3
11/23/2022,20221123,2022,2022-Q4,2022-11,23,November,11,Wednesday,4
11/24/2022,20221124,2022,2022-Q4,2022-11,24,November,11,Thursday,5
11/25/2022,20221125,2022,2022-Q4,2022-11,25,November,11,Friday,6
11/26/2022,20221126,2022,2022-Q4,2022-11,26,November,11,Saturday,7
11/27/2022,20221127,2022,2022-Q4,2022-11,27,November,11,Sunday,1
11/28/2022,20221128,2022,2022-Q4,2022-11,28,November,11,Monday,2
11/29/2022,20221129,2022,2022-Q4,2022-11,29,November,11,Tuesday,3
11/30/2022,20221130,2022,2022-Q4,2022-11,30,November,11,Wednesday,4
12/1/2022,20221201,2022,2022-Q4,2022-12,1,December,12,Thursday,5
12/2/2022,20221202,2022,2022-Q4,2022-12,2,December,12,Friday,6
12/3/2022,20221203,2022,2022-Q4,2022-12,3,December,12,Saturday,7
12/4/2022,20221204,2022,2022-Q4,2022-12,4,December,12,Sunday,1
12/5/2022,20221205,2022,2022-Q4,2022-12,5,December,12,Monday,2
12/6/2022,20221206,2022,2022-Q4,2022-12,6,December,12,Tuesday,3
12/7/2022,20221207,2022,2022-Q4,2022-12,7,December,12,Wednesday,4
12/8/2022,20221208,2022,2022-Q4,2022-12,8,December,12,Thursday,5
12/9/2022,20221209,2022,2022-Q4,2022-12,9,December,12,Friday,6
12/10/2022,20221210,2022,2022-Q4,2022-12,10,December,12,Saturday,7
12/11/2022,20221211,2022,2022-Q4,2022-12,11,December,12,Sunday,1
12/12/2022,20221212,2022,2022-Q4,2022-12,12,December,12,Monday,2
12/13/2022,20221213,2022,2022-Q4,2022-12,13,December,12,Tuesday,3
12/14/2022,20221214,2022,2022-Q4,2022-12,14,December,12,Wednesday,4
12/15/2022,20221215,2022,2022-Q4,2022-12,15,December,12,Thursday,5
12/16/2022,20221216,2022,2022-Q4,2022-12,16,December,12,Friday,6
12/17/2022,20221217,2022,2022-Q4,2022-12,17,December,12,Saturday,7
12/18/2022,20221218,2022,2022-Q4,2022-12,18,December,12,Sunday,1
12/19/2022,20221219,2022,2022-Q4,2022-12,19,December,12,Monday,2
12/20/2022,20221220,2022,2022-Q4,2022-12,20,December,12,Tuesday,3
12/21/2022,20221221,2022,2022-Q4,2022-12,21,December,12,Wednesday,4
12/22/2022,20221222,2022,2022-Q4,2022-12,22,December,12,Thursday,5
12/23/2022,20221223,2022,2022-Q4,2022-12,23,December,12,Friday,6
12/24/2022,20221224,2022,2022-Q4,2022-12,24,December,12,Saturday,7
12/25/2022,20221225,2022,2022-Q4,2022-12,25,December,12,Sunday,1
12/26/2022,20221226,2022,2022-Q4,2022-12,26,December,12,Monday,2
12/27/2022,20221227,2022,2022-Q4,2022-12,27,December,12,Tuesday,3
12/28/2022,20221228,2022,2022-Q4,2022-12,28,December,12,Wednesday,4
12/29/2022,20221229,2022,2022-Q4,2022-12,29,December,12,Thursday,5
12/30/2022,20221230,2022,2022-Q4,2022-12,30,December,12,Friday,6
12/31/2022,20221231,2022,2022-Q4,2022-12,31,December,12,Saturday,7
1/1/2023,20230101,2023,2023-Q1,2023-01,1,January,1,Sunday,1
1/2/2023,20230102,2023,2023-Q1,2023-01,2,January,1,Monday,2
1/3/2023,20230103,2023,2023-Q1,2023-01,3,January,1,Tuesday,3
1/4/2023,20230104,2023,2023-Q1,2023-01,4,January,1,Wednesday,4
1/5/2023,20230105,2023,2023-Q1,2023-01,5,January,1,Thursday,5
1/6/2023,20230106,2023,2023-Q1,2023-01,6,January,1,Friday,6
1/7/2023,20230107,2023,2023-Q1,2023-01,7,January,1,Saturday,7
1/8/2023,20230108,2023,2023-Q1,2023-01,8,January,1,Sunday,1
1/9/2023,20230109,2023,2023-Q1,2023-01,9,January,1,Monday,2
1/10/2023,20230110,2023,2023-Q1,2023-01,10,January,1,Tuesday,3
1/11/2023,20230111,2023,2023-Q1,2023-01,11,January,1,Wednesday,4
1/12/2023,20230112,2023,2023-Q1,2023-01,12,January,1,Thursday,5
1/13/2023,20230113,2023,2023-Q1,2023-01,13,January,1,Friday,6
1/14/2023,20230114,2023,2023-Q1,2023-01,14,January,1,Saturday,7
1/15/2023,20230115,2023,2023-Q1,2023-01,15,January,1,Sunday,1
1/16/2023,20230116,2023,2023-Q1,2023-01,16,January,1,Monday,2
1/17/2023,20230117,2023,2023-Q1,2023-01,17,January,1,Tuesday,3
1/18/2023,20230118,2023,2023-Q1,2023-01,18,January,1,Wednesday,4
1/19/2023,20230119,2023,2023-Q1,2023-01,19,January,1,Thursday,5
1/20/2023,20230120,2023,2023-Q1,2023-01,20,January,1,Friday,6
1/21/2023,20230121,2023,2023-Q1,2023-01,21,January,1,Saturday,7
1/22/2023,20230122,2023,2023-Q1,2023-01,22,January,1,Sunday,1
1/23/2023,20230123,2023,2023-Q1,2023-01,23,January,1,Monday,2
1/24/2023,20230124,2023,2023-Q1,2023-01,24,January,1,Tuesday,3
1/25/2023,20230125,2023,2023-Q1,2023-01,25,January,1,Wednesday,4
1/26/2023,20230126,2023,2023-Q1,2023-01,26,January,1,Thursday,5
1/27/2023,20230127,2023,2023-Q1,2023-01,27,January,1,Friday,6
1/28/2023,20230128,2023,2023-Q1,2023-01,28,January,1,Saturday,7
1/29/2023,20230129,2023,2023-Q1,2023-01,29,January,1,Sunday,1
1/30/2023,20230130,2023,2023-Q1,2023-01,30,January,1,Monday,2
1/31/2023,20230131,2023,2023-Q1,2023-01,31,January,1,Tuesday,3
2/1/2023,20230201,2023,2023-Q1,2023-02,1,February,2,Wednesday,4
2/2/2023,20230202,2023,2023-Q1,2023-02,2,February,2,Thursday,5
2/3/2023,20230203,2023,2023-Q1,2023-02,3,February,2,Friday,6
2/4/2023,20230204,2023,2023-Q1,2023-02,4,February,2,Saturday,7
2/5/2023,20230205,2023,2023-Q1,2023-02,5,February,2,Sunday,1
2/6/2023,20230206,2023,2023-Q1,2023-02,6,February,2,Monday,2
2/7/2023,20230207,2023,2023-Q1,2023-02,7,February,2,Tuesday,3
2/8/2023,20230208,2023,2023-Q1,2023-02,8,February,2,Wednesday,4
2/9/2023,20230209,2023,2023-Q1,2023-02,9,February,2,Thursday,5
2/10/2023,20230210,2023,2023-Q1,2023-02,10,February,2,Friday,6
2/11/2023,20230211,2023,2023-Q1,2023-02,11,February,2,Saturday,7
2/12/2023,20230212,2023,2023-Q1,2023-02,12,February,2,Sunday,1
2/13/2023,20230213,2023,2023-Q1,2023-02,13,February,2,Monday,2
2/14/2023,20230214,2023,2023-Q1,2023-02,14,February,2,Tuesday,3
2/15/2023,20230215,2023,2023-Q1,2023-02,15,February,2,Wednesday,4
2/16/2023,20230216,2023,2023-Q1,2023-02,16,February,2,Thursday,5
2/17/2023,20230217,2023,2023-Q1,2023-02,17,February,2,Friday,6
2/18/2023,20230218,2023,2023-Q1,2023-02,18,February,2,Saturday,7
2/19/2023,20230219,2023,2023-Q1,2023-02,19,February,2,Sunday,1
2/20/2023,20230220,2023,2023-Q1,2023-02,20,February,2,Monday,2
2/21/2023,20230221,2023,2023-Q1,2023-02,21,February,2,Tuesday,3
2/22/2023,20230222,2023,2023-Q1,2023-02,22,February,2,Wednesday,4
2/23/2023,20230223,2023,2023-Q1,2023-02,23,February,2,Thursday,5
2/24/2023,20230224,2023,2023-Q1,2023-02,24,February,2,Friday,6
2/25/2023,20230225,2023,2023-Q1,2023-02,25,February,2,Saturday,7
2/26/2023,20230226,2023,2023-Q1,2023-02,26,February,2,Sunday,1
2/27/2023,20230227,2023,2023-Q1,2023-02,27,February,2,Monday,2
2/28/2023,20230228,2023,2023-Q1,2023-02,28,February,2,Tuesday,3
3/1/2023,20230301,2023,2023-Q1,2023-03,1,March,3,Wednesday,4
3/2/2023,20230302,2023,2023-Q1,2023-03,2,March,3,Thursday,5
3/3/2023,20230303,2023,2023-Q1,2023-03,3,March,3,Friday,6
3/4/2023,20230304,2023,2023-Q1,2023-03,4,March,3,Saturday,7
3/5/2023,20230305,2023,2023-Q1,2023-03,5,March,3,Sunday,1
3/6/2023,20230306,2023,2023-Q1,2023-03,6,March,3,Monday,2
3/7/2023,20230307,2023,2023-Q1,2023-03,7,March,3,Tuesday,3
3/8/2023,20230308,2023,2023-Q1,2023-03,8,March,3,Wednesday,4
3/9/2023,20230309,2023,2023-Q1,2023-03,9,March,3,Thursday,5
3/10/2023,20230310,2023,2023-Q1,2023-03,10,March,3,Friday,6
3/11/2023,20230311,2023,2023-Q1,2023-03,11,March,3,Saturday,7
3/12/2023,20230312,2023,2023-Q1,2023-03,12,March,3,Sunday,1
3/13/2023,20230313,2023,2023-Q1,2023-03,13,March,3,Monday,2
3/14/2023,20230314,2023,2023-Q1,2023-03,14,March,3,Tuesday,3
3/15/2023,20230315,2023,2023-Q1,2023-03,15,March,3,Wednesday,4
3/16/2023,20230316,2023,2023-Q1,2023-03,16,March,3,Thursday,5
3/17/2023,20230317,2023,2023-Q1,2023-03,17,March,3,Friday,6
3/18/2023,20230318,2023,2023-Q1,2023-03,18,March,3,Saturday,7
3/19/2023,20230319,2023,2023-Q1,2023-03,19,March,3,Sunday,1
3/20/2023,20230320,2023,2023-Q1,2023-03,20,March,3,Monday,2
3/21/2023,20230321,2023,2023-Q1,2023-03,21,March,3,Tuesday,3
3/22/2023,20230322,2023,2023-Q1,2023-03,22,March,3,Wednesday,4
3/23/2023,20230323,2023,2023-Q1,2023-03,23,March,3,Thursday,5
3/24/2023,20230324,2023,2023-Q1,2023-03,24,March,3,Friday,6
3/25/2023,20230325,2023,2023-Q1,2023-03,25,March,3,Saturday,7
3/26/2023,20230326,2023,2023-Q1,2023-03,26,March,3,Sunday,1
3/27/2023,20230327,2023,2023-Q1,2023-03,27,March,3,Monday,2
3/28/2023,20230328,2023,2023-Q1,2023-03,28,March,3,Tuesday,3
3/29/2023,20230329,2023,2023-Q1,2023-03,29,March,3,Wednesday,4
3/30/2023,20230330,2023,2023-Q1,2023-03,30,March,3,Thursday,5
3/31/2023,20230331,2023,2023-Q1,2023-03,31,March,3,Friday,6
4/1/2023,20230401,2023,2023-Q2,2023-04,1,April,4,Saturday,7
4/2/2023,20230402,2023,2023-Q2,2023-04,2,April,4,Sunday,1
4/3/2023,20230403,2023,2023-Q2,2023-04,3,April,4,Monday,2
4/4/2023,20230404,2023,2023-Q2,2023-04,4,April,4,Tuesday,3
4/5/2023,20230405,2023,2023-Q2,2023-04,5,April,4,Wednesday,4
4/6/2023,20230406,2023,2023-Q2,2023-04,6,April,4,Thursday,5
4/7/2023,20230407,2023,2023-Q2,2023-04,7,April,4,Friday,6
4/8/2023,20230408,2023,2023-Q2,2023-04,8,April,4,Saturday,7
4/9/2023,20230409,2023,2023-Q2,2023-04,9,April,4,Sunday,1
4/10/2023,20230410,2023,2023-Q2,2023-04,10,April,4,Monday,2
4/11/2023,20230411,2023,2023-Q2,2023-04,11,April,4,Tuesday,3
4/12/2023,20230412,2023,2023-Q2,2023-04,12,April,4,Wednesday,4
4/13/2023,20230413,2023,2023-Q2,2023-04,13,April,4,Thursday,5
4/14/2023,20230414,2023,2023-Q2,2023-04,14,April,4,Friday,6
4/15/2023,20230415,2023,2023-Q2,2023-04,15,April,4,Saturday,7
4/16/2023,20230416,2023,2023-Q2,2023-04,16,April,4,Sunday,1
4/17/2023,20230417,2023,2023-Q2,2023-04,17,April,4,Monday,2
4/18/2023,20230418,2023,2023-Q2,2023-04,18,April,4,Tuesday,3
4/19/2023,20230419,2023,2023-Q2,2023-04,19,April,4,Wednesday,4
4/20/2023,20230420,2023,2023-Q2,2023-04,20,April,4,Thursday,5
4/21/2023,20230421,2023,2023-Q2,2023-04,21,April,4,Friday,6
4/22/2023,20230422,2023,2023-Q2,2023-04,22,April,4,Saturday,7
4/23/2023,20230423,2023,2023-Q2,2023-04,23,April,4,Sunday,1
4/24/2023,20230424,2023,2023-Q2,2023-04,24,April,4,Monday,2
4/25/2023,20230425,2023,2023-Q2,2023-04,25,April,4,Tuesday,3
4/26/2023,20230426,2023,2023-Q2,2023-04,26,April,4,Wednesday,4
4/27/2023,20230427,2023,2023-Q2,2023-04,27,April,4,Thursday,5
4/28/2023,20230428,2023,2023-Q2,2023-04,28,April,4,Friday,6
4/29/2023,20230429,2023,2023-Q2,2023-04,29,April,4,Saturday,7
4/30/2023,20230430,2023,2023-Q2,2023-04,30,April,4,Sunday,1
5/1/2023,20230501,2023,2023-Q2,2023-05,1,May,5,Monday,2
5/2/2023,20230502,2023,2023-Q2,2023-05,2,May,5,Tuesday,3
5/3/2023,20230503,2023,2023-Q2,2023-05,3,May,5,Wednesday,4
5/4/2023,20230504,2023,2023-Q2,2023-05,4,May,5,Thursday,5
5/5/2023,20230505,2023,2023-Q2,2023-05,5,May,5,Friday,6
5/6/2023,20230506,2023,2023-Q2,2023-05,6,May,5,Saturday,7
5/7/2023,20230507,2023,2023-Q2,2023-05,7,May,5,Sunday,1
5/8/2023,20230508,2023,2023-Q2,2023-05,8,May,5,Monday,2
5/9/2023,20230509,2023,2023-Q2,2023-05,9,May,5,Tuesday,3
5/10/2023,20230510,2023,2023-Q2,2023-05,10,May,5,Wednesday,4
5/11/2023,20230511,2023,2023-Q2,2023-05,11,May,5,Thursday,5
5/12/2023,20230512,2023,2023-Q2,2023-05,12,May,5,Friday,6
5/13/2023,20230513,2023,2023-Q2,2023-05,13,May,5,Saturday,7
5/14/2023,20230514,2023,2023-Q2,2023-05,14,May,5,Sunday,1
5/15/2023,20230515,2023,2023-Q2,2023-05,15,May,5,Monday,2
5/16/2023,20230516,2023,2023-Q2,2023-05,16,May,5,Tuesday,3
5/17/2023,20230517,2023,2023-Q2,2023-05,17,May,5,Wednesday,4
5/18/2023,20230518,2023,2023-Q2,2023-05,18,May,5,Thursday,5
5/19/2023,20230519,2023,2023-Q2,2023-05,19,May,5,Friday,6
5/20/2023,20230520,2023,2023-Q2,2023-05,20,May,5,Saturday,7
5/21/2023,20230521,2023,2023-Q2,2023-05,21,May,5,Sunday,1
5/22/2023,20230522,2023,2023-Q2,2023-05,22,May,5,Monday,2
5/23/2023,20230523,2023,2023-Q2,2023-05,23,May,5,Tuesday,3
5/24/2023,20230524,2023,2023-Q2,2023-05,24,May,5,Wednesday,4
5/25/2023,20230525,2023,2023-Q2,2023-05,25,May,5,Thursday,5
5/26/2023,20230526,2023,2023-Q2,2023-05,26,May,5,Friday,6
5/27/2023,20230527,2023,2023-Q2,2023-05,27,May,5,Saturday,7
5/28/2023,20230528,2023,2023-Q2,2023-05,28,May,5,Sunday,1
5/29/2023,20230529,2023,2023-Q2,2023-05,29,May,5,Monday,2
5/30/2023,20230530,2023,2023-Q2,2023-05,30,May,5,Tuesday,3
5/31/2023,20230531,2023,2023-Q2,2023-05,31,May,5,Wednesday,4
6/1/2023,20230601,2023,2023-Q2,2023-06,1,June,6,Thursday,5
6/2/2023,20230602,2023,2023-Q2,2023-06,2,June,6,Friday,6
6/3/2023,20230603,2023,2023-Q2,2023-06,3,June,6,Saturday,7
6/4/2023,20230604,2023,2023-Q2,2023-06,4,June,6,Sunday,1
6/5/2023,20230605,2023,2023-Q2,2023-06,5,June,6,Monday,2
6/6/2023,20230606,2023,2023-Q2,2023-06,6,June,6,Tuesday,3
6/7/2023,20230607,2023,2023-Q2,2023-06,7,June,6,Wednesday,4
6/8/2023,20230608,2023,2023-Q2,2023-06,8,June,6,Thursday,5
6/9/2023,20230609,2023,2023-Q2,2023-06,9,June,6,Friday,6
6/10/2023,20230610,2023,2023-Q2,2023-06,10,June,6,Saturday,7
6/11/2023,20230611,2023,2023-Q2,2023-06,11,June,6,Sunday,1
6/12/2023,20230612,2023,2023-Q2,2023-06,12,June,6,Monday,2
6/13/2023,20230613,2023,2023-Q2,2023-06,13,June,6,Tuesday,3
6/14/2023,20230614,2023,2023-Q2,2023-06,14,June,6,Wednesday,4
6/15/2023,20230615,2023,2023-Q2,2023-06,15,June,6,Thursday,5
6/16/2023,20230616,2023,2023-Q2,2023-06,16,June,6,Friday,6
6/17/2023,20230617,2023,2023-Q2,2023-06,17,June,6,Saturday,7
6/18/2023,20230618,2023,2023-Q2,2023-06,18,June,6,Sunday,1
6/19/2023,20230619,2023,2023-Q2,2023-06,19,June,6,Monday,2
6/20/2023,20230620,2023,2023-Q2,2023-06,20,June,6,Tuesday,3
6/21/2023,20230621,2023,2023-Q2,2023-06,21,June,6,Wednesday,4
6/22/2023,20230622,2023,2023-Q2,2023-06,22,June,6,Thursday,5
6/23/2023,20230623,2023,2023-Q2,2023-06,23,June,6,Friday,6
6/24/2023,20230624,2023,2023-Q2,2023-06,24,June,6,Saturday,7
6/25/2023,20230625,2023,2023-Q2,2023-06,25,June,6,Sunday,1
6/26/2023,20230626,2023,2023-Q2,2023-06,26,June,6,Monday,2
6/27/2023,20230627,2023,2023-Q2,2023-06,27,June,6,Tuesday,3
6/28/2023,20230628,2023,2023-Q2,2023-06,28,June,6,Wednesday,4
6/29/2023,20230629,2023,2023-Q2,2023-06,29,June,6,Thursday,5
6/30/2023,20230630,2023,2023-Q2,2023-06,30,June,6,Friday,6
7/1/2023,20230701,2023,2023-Q3,2023-07,1,July,7,Saturday,7
7/2/2023,20230702,2023,2023-Q3,2023-07,2,July,7,Sunday,1
7/3/2023,20230703,2023,2023-Q3,2023-07,3,July,7,Monday,2
7/4/2023,20230704,2023,2023-Q3,2023-07,4,July,7,Tuesday,3
7/5/2023,20230705,2023,2023-Q3,2023-07,5,July,7,Wednesday,4
7/6/2023,20230706,2023,2023-Q3,2023-07,6,July,7,Thursday,5
7/7/2023,20230707,2023,2023-Q3,2023-07,7,July,7,Friday,6
7/8/2023,20230708,2023,2023-Q3,2023-07,8,July,7,Saturday,7
7/9/2023,20230709,2023,2023-Q3,2023-07,9,July,7,Sunday,1
7/10/2023,20230710,2023,2023-Q3,2023-07,10,July,7,Monday,2
7/11/2023,20230711,2023,2023-Q3,2023-07,11,July,7,Tuesday,3
7/12/2023,20230712,2023,2023-Q3,2023-07,12,July,7,Wednesday,4
7/13/2023,20230713,2023,2023-Q3,2023-07,13,July,7,Thursday,5
7/14/2023,20230714,2023,2023-Q3,2023-07,14,July,7,Friday,6
7/15/2023,20230715,2023,2023-Q3,2023-07,15,July,7,Saturday,7
7/16/2023,20230716,2023,2023-Q3,2023-07,16,July,7,Sunday,1
7/17/2023,20230717,2023,2023-Q3,2023-07,17,July,7,Monday,2
7/18/2023,20230718,2023,2023-Q3,2023-07,18,July,7,Tuesday,3
7/19/2023,20230719,2023,2023-Q3,2023-07,19,July,7,Wednesday,4
7/20/2023,20230720,2023,2023-Q3,2023-07,20,July,7,Thursday,5
7/21/2023,20230721,2023,2023-Q3,2023-07,21,July,7,Friday,6
7/22/2023,20230722,2023,2023-Q3,2023-07,22,July,7,Saturday,7
7/23/2023,20230723,2023,2023-Q3,2023-07,23,July,7,Sunday,1
7/24/2023,20230724,2023,2023-Q3,2023-07,24,July,7,Monday,2
7/25/2023,20230725,2023,2023-Q3,2023-07,25,July,7,Tuesday,3
7/26/2023,20230726,2023,2023-Q3,2023-07,26,July,7,Wednesday,4
7/27/2023,20230727,2023,2023-Q3,2023-07,27,July,7,Thursday,5
7/28/2023,20230728,2023,2023-Q3,2023-07,28,July,7,Friday,6
7/29/2023,20230729,2023,2023-Q3,2023-07,29,July,7,Saturday,7
7/30/2023,20230730,2023,2023-Q3,2023-07,30,July,7,Sunday,1
7/31/2023,20230731,2023,2023-Q3,2023-07,31,July,7,Monday,2
8/1/2023,20230801,2023,2023-Q3,2023-08,1,August,8,Tuesday,3
8/2/2023,20230802,2023,2023-Q3,2023-08,2,August,8,Wednesday,4
8/3/2023,20230803,2023,2023-Q3,2023-08,3,August,8,Thursday,5
8/4/2023,20230804,2023,2023-Q3,2023-08,4,August,8,Friday,6
8/5/2023,20230805,2023,2023-Q3,2023-08,5,August,8,Saturday,7
8/6/2023,20230806,2023,2023-Q3,2023-08,6,August,8,Sunday,1
8/7/2023,20230807,2023,2023-Q3,2023-08,7,August,8,Monday,2
8/8/2023,20230808,2023,2023-Q3,2023-08,8,August,8,Tuesday,3
8/9/2023,20230809,2023,2023-Q3,2023-08,9,August,8,Wednesday,4
8/10/2023,20230810,2023,2023-Q3,2023-08,10,August,8,Thursday,5
8/11/2023,20230811,2023,2023-Q3,2023-08,11,August,8,Friday,6
8/12/2023,20230812,2023,2023-Q3,2023-08,12,August,8,Saturday,7
8/13/2023,20230813,2023,2023-Q3,2023-08,13,August,8,Sunday,1
8/14/2023,20230814,2023,2023-Q3,2023-08,14,August,8,Monday,2
8/15/2023,20230815,2023,2023-Q3,2023-08,15,August,8,Tuesday,3
8/16/2023,20230816,2023,2023-Q3,2023-08,16,August,8,Wednesday,4
8/17/2023,20230817,2023,2023-Q3,2023-08,17,August,8,Thursday,5
8/18/2023,20230818,2023,2023-Q3,2023-08,18,August,8,Friday,6
8/19/2023,20230819,2023,2023-Q3,2023-08,19,August,8,Saturday,7
8/20/2023,20230820,2023,2023-Q3,2023-08,20,August,8,Sunday,1
8/21/2023,20230821,2023,2023-Q3,2023-08,21,August,8,Monday,2
8/22/2023,20230822,2023,2023-Q3,2023-08,22,August,8,Tuesday,3
8/23/2023,20230823,2023,2023-Q3,2023-08,23,August,8,Wednesday,4
8/24/2023,20230824,2023,2023-Q3,2023-08,24,August,8,Thursday,5
8/25/2023,20230825,2023,2023-Q3,2023-08,25,August,8,Friday,6
8/26/2023,20230826,2023,2023-Q3,2023-08,26,August,8,Saturday,7
8/27/2023,20230827,2023,2023-Q3,2023-08,27,August,8,Sunday,1
8/28/2023,20230828,2023,2023-Q3,2023-08,28,August,8,Monday,2
8/29/2023,20230829,2023,2023-Q3,2023-08,29,August,8,Tuesday,3
8/30/2023,20230830,2023,2023-Q3,2023-08,30,August,8,Wednesday,4
8/31/2023,20230831,2023,2023-Q3,2023-08,31,August,8,Thursday,5
9/1/2023,20230901,2023,2023-Q3,2023-09,1,September,9,Friday,6
9/2/2023,20230902,2023,2023-Q3,2023-09,2,September,9,Saturday,7
9/3/2023,20230903,2023,2023-Q3,2023-09,3,September,9,Sunday,1
9/4/2023,20230904,2023,2023-Q3,2023-09,4,September,9,Monday,2
9/5/2023,20230905,2023,2023-Q3,2023-09,5,September,9,Tuesday,3
9/6/2023,20230906,2023,2023-Q3,2023-09,6,September,9,Wednesday,4
9/7/2023,20230907,2023,2023-Q3,2023-09,7,September,9,Thursday,5
9/8/2023,20230908,2023,2023-Q3,2023-09,8,September,9,Friday,6
9/9/2023,20230909,2023,2023-Q3,2023-09,9,September,9,Saturday,7
9/10/2023,20230910,2023,2023-Q3,2023-09,10,September,9,Sunday,1
9/11/2023,20230911,2023,2023-Q3,2023-09,11,September,9,Monday,2
9/12/2023,20230912,2023,2023-Q3,2023-09,12,September,9,Tuesday,3
9/13/2023,20230913,2023,2023-Q3,2023-09,13,September,9,Wednesday,4
9/14/2023,20230914,2023,2023-Q3,2023-09,14,September,9,Thursday,5
9/15/2023,20230915,2023,2023-Q3,2023-09,15,September,9,Friday,6
9/16/2023,20230916,2023,2023-Q3,2023-09,16,September,9,Saturday,7
9/17/2023,20230917,2023,2023-Q3,2023-09,17,September,9,Sunday,1
9/18/2023,20230918,2023,2023-Q3,2023-09,18,September,9,Monday,2
9/19/2023,20230919,2023,2023-Q3,2023-09,19,September,9,Tuesday,3
9/20/2023,20230920,2023,2023-Q3,2023-09,20,September,9,Wednesday,4
9/21/2023,20230921,2023,2023-Q3,2023-09,21,September,9,Thursday,5
9/22/2023,20230922,2023,2023-Q3,2023-09,22,September,9,Friday,6
9/23/2023,20230923,2023,2023-Q3,2023-09,23,September,9,Saturday,7
9/24/2023,20230924,2023,2023-Q3,2023-09,24,September,9,Sunday,1
9/25/2023,20230925,2023,2023-Q3,2023-09,25,September,9,Monday,2
9/26/2023,20230926,2023,2023-Q3,2023-09,26,September,9,Tuesday,3
9/27/2023,20230927,2023,2023-Q3,2023-09,27,September,9,Wednesday,4
9/28/2023,20230928,2023,2023-Q3,2023-09,28,September,9,Thursday,5
9/29/2023,20230929,2023,2023-Q3,2023-09,29,September,9,Friday,6
9/30/2023,20230930,2023,2023-Q3,2023-09,30,September,9,Saturday,7
10/1/2023,20231001,2023,2023-Q4,2023-10,1,October,10,Sunday,1
10/2/2023,20231002,2023,2023-Q4,2023-10,2,October,10,Monday,2
10/3/2023,20231003,2023,2023-Q4,2023-10,3,October,10,Tuesday,3
10/4/2023,20231004,2023,2023-Q4,2023-10,4,October,10,Wednesday,4
10/5/2023,20231005,2023,2023-Q4,2023-10,5,October,10,Thursday,5
10/6/2023,20231006,2023,2023-Q4,2023-10,6,October,10,Friday,6
10/7/2023,20231007,2023,2023-Q4,2023-10,7,October,10,Saturday,7
10/8/2023,20231008,2023,2023-Q4,2023-10,8,October,10,Sunday,1
10/9/2023,20231009,2023,2023-Q4,2023-10,9,October,10,Monday,2
10/10/2023,20231010,2023,2023-Q4,2023-10,10,October,10,Tuesday,3
10/11/2023,20231011,2023,2023-Q4,2023-10,11,October,10,Wednesday,4
10/12/2023,20231012,2023,2023-Q4,2023-10,12,October,10,Thursday,5
10/13/2023,20231013,2023,2023-Q4,2023-10,13,October,10,Friday,6
10/14/2023,20231014,2023,2023-Q4,2023-10,14,October,10,Saturday,7
10/15/2023,20231015,2023,2023-Q4,2023-10,15,October,10,Sunday,1
10/16/2023,20231016,2023,2023-Q4,2023-10,16,October,10,Monday,2
10/17/2023,20231017,2023,2023-Q4,2023-10,17,October,10,Tuesday,3
10/18/2023,20231018,2023,2023-Q4,2023-10,18,October,10,Wednesday,4
10/19/2023,20231019,2023,2023-Q4,2023-10,19,October,10,Thursday,5
10/20/2023,20231020,2023,2023-Q4,2023-10,20,October,10,Friday,6
10/21/2023,20231021,2023,2023-Q4,2023-10,21,October,10,Saturday,7
10/22/2023,20231022,2023,2023-Q4,2023-10,22,October,10,Sunday,1
10/23/2023,20231023,2023,2023-Q4,2023-10,23,October,10,Monday,2
10/24/2023,20231024,2023,2023-Q4,2023-10,24,October,10,Tuesday,3
10/25/2023,20231025,2023,2023-Q4,2023-10,25,October,10,Wednesday,4
10/26/2023,20231026,2023,2023-Q4,2023-10,26,October,10,Thursday,5
10/27/2023,20231027,2023,2023-Q4,2023-10,27,October,10,Friday,6
10/28/2023,20231028,2023,2023-Q4,2023-10,28,October,10,Saturday,7
10/29/2023,20231029,2023,2023-Q4,2023-10,29,October,10,Sunday,1
10/30/2023,20231030,2023,2023-Q4,2023-10,30,October,10,Monday,2
10/31/2023,20231031,2023,2023-Q4,2023-10,31,October,10,Tuesday,3
11/1/2023,20231101,2023,2023-Q4,2023-11,1,November,11,Wednesday,4
11/2/2023,20231102,2023,2023-Q4,2023-11,2,November,11,Thursday,5
11/3/2023,20231103,2023,2023-Q4,2023-11,3,November,11,Friday,6
11/4/2023,20231104,2023,2023-Q4,2023-11,4,November,11,Saturday,7
11/5/2023,20231105,2023,2023-Q4,2023-11,5,November,11,Sunday,1
11/6/2023,20231106,2023,2023-Q4,2023-11,6,November,11,Monday,2
11/7/2023,20231107,2023,2023-Q4,2023-11,7,November,11,Tuesday,3
11/8/2023,20231108,2023,2023-Q4,2023-11,8,November,11,Wednesday,4
11/9/2023,20231109,2023,2023-Q4,2023-11,9,November,11,Thursday,5
11/10/2023,20231110,2023,2023-Q4,2023-11,10,November,11,Friday,6
11/11/2023,20231111,2023,2023-Q4,2023-11,11,November,11,Saturday,7
11/12/2023,20231112,2023,2023-Q4,2023-11,12,November,11,Sunday,1
11/13/2023,20231113,2023,2023-Q4,2023-11,13,November,11,Monday,2
11/14/2023,20231114,2023,2023-Q4,2023-11,14,November,11,Tuesday,3
11/15/2023,20231115,2023,2023-Q4,2023-11,15,November,11,Wednesday,4
11/16/2023,20231116,2023,2023-Q4,2023-11,16,November,11,Thursday,5
11/17/2023,20231117,2023,2023-Q4,2023-11,17,November,11,Friday,6
11/18/2023,20231118,2023,2023-Q4,2023-11,18,November,11,Saturday,7
11/19/2023,20231119,2023,2023-Q4,2023-11,19,November,11,Sunday,1
11/20/2023,20231120,2023,2023-Q4,2023-11,20,November,11,Monday,2
11/21/2023,20231121,2023,2023-Q4,2023-11,21,November,11,Tuesday,3
11/22/2023,20231122,2023,2023-Q4,2023-11,22,November,11,Wednesday,4
11/23/2023,20231123,2023,2023-Q4,2023-11,23,November,11,Thursday,5
11/24/2023,20231124,2023,2023-Q4,2023-11,24,November,11,Friday,6
11/25/2023,20231125,2023,2023-Q4,2023-11,25,November,11,Saturday,7
11/26/2023,20231126,2023,2023-Q4,2023-11,26,November,11,Sunday,1
11/27/2023,20231127,2023,2023-Q4,2023-11,27,November,11,Monday,2
11/28/2023,20231128,2023,2023-Q4,2023-11,28,November,11,Tuesday,3
11/29/2023,20231129,2023,2023-Q4,2023-11,29,November,11,Wednesday,4
11/30/2023,20231130,2023,2023-Q4,2023-11,30,November,11,Thursday,5
12/1/2023,20231201,2023,2023-Q4,2023-12,1,December,12,Friday,6
12/2/2023,20231202,2023,2023-Q4,2023-12,2,December,12,Saturday,7
12/3/2023,20231203,2023,2023-Q4,2023-12,3,December,12,Sunday,1
12/4/2023,20231204,2023,2023-Q4,2023-12,4,December,12,Monday,2
12/5/2023,20231205,2023,2023-Q4,2023-12,5,December,12,Tuesday,3
12/6/2023,20231206,2023,2023-Q4,2023-12,6,December,12,Wednesday,4
12/7/2023,20231207,2023,2023-Q4,2023-12,7,December,12,Thursday,5
12/8/2023,20231208,2023,2023-Q4,2023-12,8,December,12,Friday,6
12/9/2023,20231209,2023,2023-Q4,2023-12,9,December,12,Saturday,7
12/10/2023,20231210,2023,2023-Q4,2023-12,10,December,12,Sunday,1
12/11/2023,20231211,2023,2023-Q4,2023-12,11,December,12,Monday,2
12/12/2023,20231212,2023,2023-Q4,2023-12,12,December,12,Tuesday,3
12/13/2023,20231213,2023,2023-Q4,2023-12,13,December,12,Wednesday,4
12/14/2023,20231214,2023,2023-Q4,2023-12,14,December,12,Thursday,5
12/15/2023,20231215,2023,2023-Q4,2023-12,15,December,12,Friday,6
12/16/2023,20231216,2023,2023-Q4,2023-12,16,December,12,Saturday,7
12/17/2023,20231217,2023,2023-Q4,2023-12,17,December,12,Sunday,1
12/18/2023,20231218,2023,2023-Q4,2023-12,18,December,12,Monday,2
12/19/2023,20231219,2023,2023-Q4,2023-12,19,December,12,Tuesday,3
12/20/2023,20231220,2023,2023-Q4,2023-12,20,December,12,Wednesday,4
12/21/2023,20231221,2023,2023-Q4,2023-12,21,December,12,Thursday,5
12/22/2023,20231222,2023,2023-Q4,2023-12,22,December,12,Friday,6
12/23/2023,20231223,2023,2023-Q4,2023-12,23,December,12,Saturday,7
12/24/2023,20231224,2023,2023-Q4,2023-12,24,December,12,Sunday,1
12/25/2023,20231225,2023,2023-Q4,2023-12,25,December,12,Monday,2
12/26/2023,20231226,2023,2023-Q4,2023-12,26,December,12,Tuesday,3
12/27/2023,20231227,2023,2023-Q4,2023-12,27,December,12,Wednesday,4
12/28/2023,20231228,2023,2023-Q4,2023-12,28,December,12,Thursday,5
12/29/2023,20231229,2023,2023-Q4,2023-12,29,December,12,Friday,6
12/30/2023,20231230,2023,2023-Q4,2023-12,30,December,12,Saturday,7
12/31/2023,20231231,2023,2023-Q4,2023-12,31,December,12,Sunday,1
